[2026-05-01 21:37:51] [INFO] [request] → GET /stats
[2026-05-01 21:37:51] [INFO] [request] ← GET /stats | status=500 | total=23.3ms
[2026-05-01 22:00:11] [INFO] [request] → GET /stats
[2026-05-01 22:00:12] [INFO] [request] ← GET /stats | status=500 | total=760.9ms
[2026-05-01 22:00:18] [INFO] [request] → GET /stats
[2026-05-01 22:00:19] [INFO] [request] ← GET /stats | status=500 | total=843.1ms
[2026-05-01 22:00:19] [INFO] [request] → POST /query
[2026-05-01 22:00:27] [INFO] [query_handler] [06a46b] [1/8] sanitize_query | query=How many policies are there in total? |0.2ms
[2026-05-01 22:00:27] [INFO] [query_handler] [06a46b] [2/8] get_embedding | 103.2ms
[2026-05-01 22:00:27] [INFO] [query_handler] [06a46b] adaptive_top_k | schema=True | top_k=30
[2026-05-01 22:00:27] [INFO] [query_handler] [06a46b] keyword_route | schema=True (keyword/regex match)
[2026-05-01 22:00:27] [INFO] [query_handler] [06a46b] route | collection=schema | is_schema=True
[2026-05-01 22:00:28] [ERROR] [query_handler] [06a46b] ✗ handle_query failed (Unknown Error) | total=898.8ms | error=Unexpected Response: 404 (Not Found)
Raw response content:
b'404 page not found\n'
Traceback (most recent call last):
  File "/Users/shaikmohammedjabirhussain/Desktop/XIT-RAG/handlers/rag_handlers/query_handler.py", line 346, in handle_query
    chunks = self.retrieval_service.retrieve(
        target_collection,
    ...<3 lines>...
        filters,
    )
  File "/Users/shaikmohammedjabirhussain/Desktop/XIT-RAG/services/rag_services/retrieval_service.py", line 71, in retrieve
    hits = self.qdrant_service.search(
        collection_name=collection,
    ...<3 lines>...
        query_filter=query_filter,
    )
  File "/Users/shaikmohammedjabirhussain/Desktop/XIT-RAG/services/rag_services/qdrant_service.py", line 67, in search
    return self.client.search(
           ~~~~~~~~~~~~~~~~~~^
        collection_name=collection_name,
        ^^^^^^^^^^^^^^^^^^^^^^^^^^^^^^^^
    ...<3 lines>...
        query_filter=query_filter,
        ^^^^^^^^^^^^^^^^^^^^^^^^^^
    )
    ^
  File "/Users/shaikmohammedjabirhussain/Desktop/XIT-RAG/.venv/lib/python3.14/site-packages/qdrant_client/qdrant_client.py", line 387, in search
    return self._client.search(
           ~~~~~~~~~~~~~~~~~~~^
        collection_name=collection_name,
        ^^^^^^^^^^^^^^^^^^^^^^^^^^^^^^^^
    ...<12 lines>...
        **kwargs,
        ^^^^^^^^^
    )
    ^
  File "/Users/shaikmohammedjabirhussain/Desktop/XIT-RAG/.venv/lib/python3.14/site-packages/qdrant_client/qdrant_remote.py", line 563, in search
    search_result = self.http.points_api.search_points(
        collection_name=collection_name,
    ...<12 lines>...
        ),
    )
  File "/Users/shaikmohammedjabirhussain/Desktop/XIT-RAG/.venv/lib/python3.14/site-packages/qdrant_client/http/api/points_api.py", line 1616, in search_points
    return self._build_for_search_points(
           ~~~~~~~~~~~~~~~~~~~~~~~~~~~~~^
        collection_name=collection_name,
        ^^^^^^^^^^^^^^^^^^^^^^^^^^^^^^^^
    ...<2 lines>...
        search_request=search_request,
        ^^^^^^^^^^^^^^^^^^^^^^^^^^^^^^
    )
    ^
  File "/Users/shaikmohammedjabirhussain/Desktop/XIT-RAG/.venv/lib/python3.14/site-packages/qdrant_client/http/api/points_api.py", line 750, in _build_for_search_points
    return self.api_client.request(
           ~~~~~~~~~~~~~~~~~~~~~~~^
        type_=m.InlineResponse20016,
        ^^^^^^^^^^^^^^^^^^^^^^^^^^^^
    ...<5 lines>...
        content=body,
        ^^^^^^^^^^^^^
    )
    ^
  File "/Users/shaikmohammedjabirhussain/Desktop/XIT-RAG/.venv/lib/python3.14/site-packages/qdrant_client/http/api_client.py", line 79, in request
    return self.send(request, type_)
           ~~~~~~~~~^^^^^^^^^^^^^^^^
  File "/Users/shaikmohammedjabirhussain/Desktop/XIT-RAG/.venv/lib/python3.14/site-packages/qdrant_client/http/api_client.py", line 102, in send
    raise UnexpectedResponse.for_response(response)
qdrant_client.http.exceptions.UnexpectedResponse: Unexpected Response: 404 (Not Found)
Raw response content:
b'404 page not found\n'
[2026-05-01 22:00:28] [INFO] [request] ← POST /query | status=200 | total=9105.2ms
[2026-05-01 22:00:29] [INFO] [request] → POST /query
[2026-05-01 22:00:29] [INFO] [query_handler] [918137] [1/8] sanitize_query | query=List all published policies. |0.0ms
[2026-05-01 22:00:29] [INFO] [query_handler] [918137] [2/8] get_embedding | 11.7ms
[2026-05-01 22:00:29] [INFO] [query_handler] [918137] adaptive_top_k | schema=True | top_k=30
[2026-05-01 22:00:29] [INFO] [query_handler] [918137] keyword_route | schema=True (keyword/regex match)
[2026-05-01 22:00:29] [INFO] [query_handler] [918137] route | collection=schema | is_schema=True
[2026-05-01 22:00:30] [ERROR] [query_handler] [918137] ✗ handle_query failed (Unknown Error) | total=383.6ms | error=Unexpected Response: 404 (Not Found)
Raw response content:
b'404 page not found\n'
Traceback (most recent call last):
  File "/Users/shaikmohammedjabirhussain/Desktop/XIT-RAG/handlers/rag_handlers/query_handler.py", line 346, in handle_query
    chunks = self.retrieval_service.retrieve(
        target_collection,
    ...<3 lines>...
        filters,
    )
  File "/Users/shaikmohammedjabirhussain/Desktop/XIT-RAG/services/rag_services/retrieval_service.py", line 71, in retrieve
    hits = self.qdrant_service.search(
        collection_name=collection,
    ...<3 lines>...
        query_filter=query_filter,
    )
  File "/Users/shaikmohammedjabirhussain/Desktop/XIT-RAG/services/rag_services/qdrant_service.py", line 67, in search
    return self.client.search(
           ~~~~~~~~~~~~~~~~~~^
        collection_name=collection_name,
        ^^^^^^^^^^^^^^^^^^^^^^^^^^^^^^^^
    ...<3 lines>...
        query_filter=query_filter,
        ^^^^^^^^^^^^^^^^^^^^^^^^^^
    )
    ^
  File "/Users/shaikmohammedjabirhussain/Desktop/XIT-RAG/.venv/lib/python3.14/site-packages/qdrant_client/qdrant_client.py", line 387, in search
    return self._client.search(
           ~~~~~~~~~~~~~~~~~~~^
        collection_name=collection_name,
        ^^^^^^^^^^^^^^^^^^^^^^^^^^^^^^^^
    ...<12 lines>...
        **kwargs,
        ^^^^^^^^^
    )
    ^
  File "/Users/shaikmohammedjabirhussain/Desktop/XIT-RAG/.venv/lib/python3.14/site-packages/qdrant_client/qdrant_remote.py", line 563, in search
    search_result = self.http.points_api.search_points(
        collection_name=collection_name,
    ...<12 lines>...
        ),
    )
  File "/Users/shaikmohammedjabirhussain/Desktop/XIT-RAG/.venv/lib/python3.14/site-packages/qdrant_client/http/api/points_api.py", line 1616, in search_points
    return self._build_for_search_points(
           ~~~~~~~~~~~~~~~~~~~~~~~~~~~~~^
        collection_name=collection_name,
        ^^^^^^^^^^^^^^^^^^^^^^^^^^^^^^^^
    ...<2 lines>...
        search_request=search_request,
        ^^^^^^^^^^^^^^^^^^^^^^^^^^^^^^
    )
    ^
  File "/Users/shaikmohammedjabirhussain/Desktop/XIT-RAG/.venv/lib/python3.14/site-packages/qdrant_client/http/api/points_api.py", line 750, in _build_for_search_points
    return self.api_client.request(
           ~~~~~~~~~~~~~~~~~~~~~~~^
        type_=m.InlineResponse20016,
        ^^^^^^^^^^^^^^^^^^^^^^^^^^^^
    ...<5 lines>...
        content=body,
        ^^^^^^^^^^^^^
    )
    ^
  File "/Users/shaikmohammedjabirhussain/Desktop/XIT-RAG/.venv/lib/python3.14/site-packages/qdrant_client/http/api_client.py", line 79, in request
    return self.send(request, type_)
           ~~~~~~~~~^^^^^^^^^^^^^^^^
  File "/Users/shaikmohammedjabirhussain/Desktop/XIT-RAG/.venv/lib/python3.14/site-packages/qdrant_client/http/api_client.py", line 102, in send
    raise UnexpectedResponse.for_response(response)
qdrant_client.http.exceptions.UnexpectedResponse: Unexpected Response: 404 (Not Found)
Raw response content:
b'404 page not found\n'
[2026-05-01 22:00:30] [INFO] [request] ← POST /query | status=200 | total=389.0ms
[2026-05-01 22:00:31] [INFO] [request] → POST /query
[2026-05-01 22:00:31] [INFO] [query_handler] [513324] [1/8] sanitize_query | query=How many users exist in the system? |0.0ms
[2026-05-01 22:00:31] [INFO] [query_handler] [513324] [2/8] get_embedding | 9.9ms
[2026-05-01 22:00:31] [INFO] [query_handler] [513324] adaptive_top_k | schema=True | top_k=30
[2026-05-01 22:00:31] [INFO] [query_handler] [513324] keyword_route | schema=True (keyword/regex match)
[2026-05-01 22:00:31] [INFO] [query_handler] [513324] route | collection=schema | is_schema=True
[2026-05-01 22:00:31] [ERROR] [query_handler] [513324] ✗ handle_query failed (Unknown Error) | total=247.2ms | error=Unexpected Response: 404 (Not Found)
Raw response content:
b'404 page not found\n'
Traceback (most recent call last):
  File "/Users/shaikmohammedjabirhussain/Desktop/XIT-RAG/handlers/rag_handlers/query_handler.py", line 346, in handle_query
    chunks = self.retrieval_service.retrieve(
        target_collection,
    ...<3 lines>...
        filters,
    )
  File "/Users/shaikmohammedjabirhussain/Desktop/XIT-RAG/services/rag_services/retrieval_service.py", line 71, in retrieve
    hits = self.qdrant_service.search(
        collection_name=collection,
    ...<3 lines>...
        query_filter=query_filter,
    )
  File "/Users/shaikmohammedjabirhussain/Desktop/XIT-RAG/services/rag_services/qdrant_service.py", line 67, in search
    return self.client.search(
           ~~~~~~~~~~~~~~~~~~^
        collection_name=collection_name,
        ^^^^^^^^^^^^^^^^^^^^^^^^^^^^^^^^
    ...<3 lines>...
        query_filter=query_filter,
        ^^^^^^^^^^^^^^^^^^^^^^^^^^
    )
    ^
  File "/Users/shaikmohammedjabirhussain/Desktop/XIT-RAG/.venv/lib/python3.14/site-packages/qdrant_client/qdrant_client.py", line 387, in search
    return self._client.search(
           ~~~~~~~~~~~~~~~~~~~^
        collection_name=collection_name,
        ^^^^^^^^^^^^^^^^^^^^^^^^^^^^^^^^
    ...<12 lines>...
        **kwargs,
        ^^^^^^^^^
    )
    ^
  File "/Users/shaikmohammedjabirhussain/Desktop/XIT-RAG/.venv/lib/python3.14/site-packages/qdrant_client/qdrant_remote.py", line 563, in search
    search_result = self.http.points_api.search_points(
        collection_name=collection_name,
    ...<12 lines>...
        ),
    )
  File "/Users/shaikmohammedjabirhussain/Desktop/XIT-RAG/.venv/lib/python3.14/site-packages/qdrant_client/http/api/points_api.py", line 1616, in search_points
    return self._build_for_search_points(
           ~~~~~~~~~~~~~~~~~~~~~~~~~~~~~^
        collection_name=collection_name,
        ^^^^^^^^^^^^^^^^^^^^^^^^^^^^^^^^
    ...<2 lines>...
        search_request=search_request,
        ^^^^^^^^^^^^^^^^^^^^^^^^^^^^^^
    )
    ^
  File "/Users/shaikmohammedjabirhussain/Desktop/XIT-RAG/.venv/lib/python3.14/site-packages/qdrant_client/http/api/points_api.py", line 750, in _build_for_search_points
    return self.api_client.request(
           ~~~~~~~~~~~~~~~~~~~~~~~^
        type_=m.InlineResponse20016,
        ^^^^^^^^^^^^^^^^^^^^^^^^^^^^
    ...<5 lines>...
        content=body,
        ^^^^^^^^^^^^^
    )
    ^
  File "/Users/shaikmohammedjabirhussain/Desktop/XIT-RAG/.venv/lib/python3.14/site-packages/qdrant_client/http/api_client.py", line 79, in request
    return self.send(request, type_)
           ~~~~~~~~~^^^^^^^^^^^^^^^^
  File "/Users/shaikmohammedjabirhussain/Desktop/XIT-RAG/.venv/lib/python3.14/site-packages/qdrant_client/http/api_client.py", line 102, in send
    raise UnexpectedResponse.for_response(response)
qdrant_client.http.exceptions.UnexpectedResponse: Unexpected Response: 404 (Not Found)
Raw response content:
b'404 page not found\n'
[2026-05-01 22:00:31] [INFO] [request] ← POST /query | status=200 | total=254.1ms
[2026-05-01 22:00:33] [INFO] [request] → POST /query
[2026-05-01 22:00:33] [INFO] [query_handler] [0d3481] [1/8] sanitize_query | query=Show me all organizations. |0.0ms
[2026-05-01 22:00:33] [INFO] [query_handler] [0d3481] [2/8] get_embedding | 11.6ms
[2026-05-01 22:00:33] [INFO] [query_handler] [0d3481] adaptive_top_k | schema=True | top_k=30
[2026-05-01 22:00:33] [INFO] [query_handler] [0d3481] keyword_route | schema=True (keyword/regex match)
[2026-05-01 22:00:33] [INFO] [query_handler] [0d3481] route | collection=schema | is_schema=True
[2026-05-01 22:00:33] [ERROR] [query_handler] [0d3481] ✗ handle_query failed (Unknown Error) | total=398.1ms | error=Unexpected Response: 404 (Not Found)
Raw response content:
b'404 page not found\n'
Traceback (most recent call last):
  File "/Users/shaikmohammedjabirhussain/Desktop/XIT-RAG/handlers/rag_handlers/query_handler.py", line 346, in handle_query
    chunks = self.retrieval_service.retrieve(
        target_collection,
    ...<3 lines>...
        filters,
    )
  File "/Users/shaikmohammedjabirhussain/Desktop/XIT-RAG/services/rag_services/retrieval_service.py", line 71, in retrieve
    hits = self.qdrant_service.search(
        collection_name=collection,
    ...<3 lines>...
        query_filter=query_filter,
    )
  File "/Users/shaikmohammedjabirhussain/Desktop/XIT-RAG/services/rag_services/qdrant_service.py", line 67, in search
    return self.client.search(
           ~~~~~~~~~~~~~~~~~~^
        collection_name=collection_name,
        ^^^^^^^^^^^^^^^^^^^^^^^^^^^^^^^^
    ...<3 lines>...
        query_filter=query_filter,
        ^^^^^^^^^^^^^^^^^^^^^^^^^^
    )
    ^
  File "/Users/shaikmohammedjabirhussain/Desktop/XIT-RAG/.venv/lib/python3.14/site-packages/qdrant_client/qdrant_client.py", line 387, in search
    return self._client.search(
           ~~~~~~~~~~~~~~~~~~~^
        collection_name=collection_name,
        ^^^^^^^^^^^^^^^^^^^^^^^^^^^^^^^^
    ...<12 lines>...
        **kwargs,
        ^^^^^^^^^
    )
    ^
  File "/Users/shaikmohammedjabirhussain/Desktop/XIT-RAG/.venv/lib/python3.14/site-packages/qdrant_client/qdrant_remote.py", line 563, in search
    search_result = self.http.points_api.search_points(
        collection_name=collection_name,
    ...<12 lines>...
        ),
    )
  File "/Users/shaikmohammedjabirhussain/Desktop/XIT-RAG/.venv/lib/python3.14/site-packages/qdrant_client/http/api/points_api.py", line 1616, in search_points
    return self._build_for_search_points(
           ~~~~~~~~~~~~~~~~~~~~~~~~~~~~~^
        collection_name=collection_name,
        ^^^^^^^^^^^^^^^^^^^^^^^^^^^^^^^^
    ...<2 lines>...
        search_request=search_request,
        ^^^^^^^^^^^^^^^^^^^^^^^^^^^^^^
    )
    ^
  File "/Users/shaikmohammedjabirhussain/Desktop/XIT-RAG/.venv/lib/python3.14/site-packages/qdrant_client/http/api/points_api.py", line 750, in _build_for_search_points
    return self.api_client.request(
           ~~~~~~~~~~~~~~~~~~~~~~~^
        type_=m.InlineResponse20016,
        ^^^^^^^^^^^^^^^^^^^^^^^^^^^^
    ...<5 lines>...
        content=body,
        ^^^^^^^^^^^^^
    )
    ^
  File "/Users/shaikmohammedjabirhussain/Desktop/XIT-RAG/.venv/lib/python3.14/site-packages/qdrant_client/http/api_client.py", line 79, in request
    return self.send(request, type_)
           ~~~~~~~~~^^^^^^^^^^^^^^^^
  File "/Users/shaikmohammedjabirhussain/Desktop/XIT-RAG/.venv/lib/python3.14/site-packages/qdrant_client/http/api_client.py", line 102, in send
    raise UnexpectedResponse.for_response(response)
qdrant_client.http.exceptions.UnexpectedResponse: Unexpected Response: 404 (Not Found)
Raw response content:
b'404 page not found\n'
[2026-05-01 22:00:33] [INFO] [request] ← POST /query | status=200 | total=405.3ms
[2026-05-01 22:00:35] [INFO] [request] → POST /query
[2026-05-01 22:00:35] [INFO] [query_handler] [55cedd] [1/8] sanitize_query | query=What are all the compliance frameworks in the system? |0.0ms
[2026-05-01 22:00:35] [INFO] [query_handler] [55cedd] [2/8] get_embedding | 13.1ms
[2026-05-01 22:00:35] [INFO] [query_handler] SemanticRouter | building intent centroids ...
[2026-05-01 22:00:35] [INFO] [query_handler] SemanticRouter | centroids ready.
[2026-05-01 22:00:35] [INFO] [query_handler] [55cedd] semantic_route | route=schema | schema_score=0.3009 | irs_score=0.2024
[2026-05-01 22:00:35] [INFO] [query_handler] [55cedd] route | collection=schema | is_schema=True
[2026-05-01 22:00:35] [ERROR] [query_handler] [55cedd] ✗ handle_query failed (Unknown Error) | total=519.2ms | error=Unexpected Response: 404 (Not Found)
Raw response content:
b'404 page not found\n'
Traceback (most recent call last):
  File "/Users/shaikmohammedjabirhussain/Desktop/XIT-RAG/handlers/rag_handlers/query_handler.py", line 346, in handle_query
    chunks = self.retrieval_service.retrieve(
        target_collection,
    ...<3 lines>...
        filters,
    )
  File "/Users/shaikmohammedjabirhussain/Desktop/XIT-RAG/services/rag_services/retrieval_service.py", line 71, in retrieve
    hits = self.qdrant_service.search(
        collection_name=collection,
    ...<3 lines>...
        query_filter=query_filter,
    )
  File "/Users/shaikmohammedjabirhussain/Desktop/XIT-RAG/services/rag_services/qdrant_service.py", line 67, in search
    return self.client.search(
           ~~~~~~~~~~~~~~~~~~^
        collection_name=collection_name,
        ^^^^^^^^^^^^^^^^^^^^^^^^^^^^^^^^
    ...<3 lines>...
        query_filter=query_filter,
        ^^^^^^^^^^^^^^^^^^^^^^^^^^
    )
    ^
  File "/Users/shaikmohammedjabirhussain/Desktop/XIT-RAG/.venv/lib/python3.14/site-packages/qdrant_client/qdrant_client.py", line 387, in search
    return self._client.search(
           ~~~~~~~~~~~~~~~~~~~^
        collection_name=collection_name,
        ^^^^^^^^^^^^^^^^^^^^^^^^^^^^^^^^
    ...<12 lines>...
        **kwargs,
        ^^^^^^^^^
    )
    ^
  File "/Users/shaikmohammedjabirhussain/Desktop/XIT-RAG/.venv/lib/python3.14/site-packages/qdrant_client/qdrant_remote.py", line 563, in search
    search_result = self.http.points_api.search_points(
        collection_name=collection_name,
    ...<12 lines>...
        ),
    )
  File "/Users/shaikmohammedjabirhussain/Desktop/XIT-RAG/.venv/lib/python3.14/site-packages/qdrant_client/http/api/points_api.py", line 1616, in search_points
    return self._build_for_search_points(
           ~~~~~~~~~~~~~~~~~~~~~~~~~~~~~^
        collection_name=collection_name,
        ^^^^^^^^^^^^^^^^^^^^^^^^^^^^^^^^
    ...<2 lines>...
        search_request=search_request,
        ^^^^^^^^^^^^^^^^^^^^^^^^^^^^^^
    )
    ^
  File "/Users/shaikmohammedjabirhussain/Desktop/XIT-RAG/.venv/lib/python3.14/site-packages/qdrant_client/http/api/points_api.py", line 750, in _build_for_search_points
    return self.api_client.request(
           ~~~~~~~~~~~~~~~~~~~~~~~^
        type_=m.InlineResponse20016,
        ^^^^^^^^^^^^^^^^^^^^^^^^^^^^
    ...<5 lines>...
        content=body,
        ^^^^^^^^^^^^^
    )
    ^
  File "/Users/shaikmohammedjabirhussain/Desktop/XIT-RAG/.venv/lib/python3.14/site-packages/qdrant_client/http/api_client.py", line 79, in request
    return self.send(request, type_)
           ~~~~~~~~~^^^^^^^^^^^^^^^^
  File "/Users/shaikmohammedjabirhussain/Desktop/XIT-RAG/.venv/lib/python3.14/site-packages/qdrant_client/http/api_client.py", line 102, in send
    raise UnexpectedResponse.for_response(response)
qdrant_client.http.exceptions.UnexpectedResponse: Unexpected Response: 404 (Not Found)
Raw response content:
b'404 page not found\n'
[2026-05-01 22:00:35] [INFO] [request] ← POST /query | status=200 | total=524.9ms
[2026-05-01 22:00:37] [INFO] [request] → POST /query
[2026-05-01 22:00:37] [INFO] [query_handler] [ad8afa] [1/8] sanitize_query | query=How many risks are open vs mitigated? Give me the count for each status. |0.0ms
[2026-05-01 22:00:37] [INFO] [query_handler] [ad8afa] [2/8] get_embedding | 11.9ms
[2026-05-01 22:00:37] [INFO] [query_handler] [ad8afa] adaptive_top_k | schema=True | top_k=30
[2026-05-01 22:00:37] [INFO] [query_handler] [ad8afa] keyword_route | schema=True (keyword/regex match)
[2026-05-01 22:00:37] [INFO] [query_handler] [ad8afa] route | collection=schema | is_schema=True
[2026-05-01 22:00:37] [ERROR] [query_handler] [ad8afa] ✗ handle_query failed (Unknown Error) | total=280.7ms | error=Unexpected Response: 404 (Not Found)
Raw response content:
b'404 page not found\n'
Traceback (most recent call last):
  File "/Users/shaikmohammedjabirhussain/Desktop/XIT-RAG/handlers/rag_handlers/query_handler.py", line 346, in handle_query
    chunks = self.retrieval_service.retrieve(
        target_collection,
    ...<3 lines>...
        filters,
    )
  File "/Users/shaikmohammedjabirhussain/Desktop/XIT-RAG/services/rag_services/retrieval_service.py", line 71, in retrieve
    hits = self.qdrant_service.search(
        collection_name=collection,
    ...<3 lines>...
        query_filter=query_filter,
    )
  File "/Users/shaikmohammedjabirhussain/Desktop/XIT-RAG/services/rag_services/qdrant_service.py", line 67, in search
    return self.client.search(
           ~~~~~~~~~~~~~~~~~~^
        collection_name=collection_name,
        ^^^^^^^^^^^^^^^^^^^^^^^^^^^^^^^^
    ...<3 lines>...
        query_filter=query_filter,
        ^^^^^^^^^^^^^^^^^^^^^^^^^^
    )
    ^
  File "/Users/shaikmohammedjabirhussain/Desktop/XIT-RAG/.venv/lib/python3.14/site-packages/qdrant_client/qdrant_client.py", line 387, in search
    return self._client.search(
           ~~~~~~~~~~~~~~~~~~~^
        collection_name=collection_name,
        ^^^^^^^^^^^^^^^^^^^^^^^^^^^^^^^^
    ...<12 lines>...
        **kwargs,
        ^^^^^^^^^
    )
    ^
  File "/Users/shaikmohammedjabirhussain/Desktop/XIT-RAG/.venv/lib/python3.14/site-packages/qdrant_client/qdrant_remote.py", line 563, in search
    search_result = self.http.points_api.search_points(
        collection_name=collection_name,
    ...<12 lines>...
        ),
    )
  File "/Users/shaikmohammedjabirhussain/Desktop/XIT-RAG/.venv/lib/python3.14/site-packages/qdrant_client/http/api/points_api.py", line 1616, in search_points
    return self._build_for_search_points(
           ~~~~~~~~~~~~~~~~~~~~~~~~~~~~~^
        collection_name=collection_name,
        ^^^^^^^^^^^^^^^^^^^^^^^^^^^^^^^^
    ...<2 lines>...
        search_request=search_request,
        ^^^^^^^^^^^^^^^^^^^^^^^^^^^^^^
    )
    ^
  File "/Users/shaikmohammedjabirhussain/Desktop/XIT-RAG/.venv/lib/python3.14/site-packages/qdrant_client/http/api/points_api.py", line 750, in _build_for_search_points
    return self.api_client.request(
           ~~~~~~~~~~~~~~~~~~~~~~~^
        type_=m.InlineResponse20016,
        ^^^^^^^^^^^^^^^^^^^^^^^^^^^^
    ...<5 lines>...
        content=body,
        ^^^^^^^^^^^^^
    )
    ^
  File "/Users/shaikmohammedjabirhussain/Desktop/XIT-RAG/.venv/lib/python3.14/site-packages/qdrant_client/http/api_client.py", line 79, in request
    return self.send(request, type_)
           ~~~~~~~~~^^^^^^^^^^^^^^^^
  File "/Users/shaikmohammedjabirhussain/Desktop/XIT-RAG/.venv/lib/python3.14/site-packages/qdrant_client/http/api_client.py", line 102, in send
    raise UnexpectedResponse.for_response(response)
qdrant_client.http.exceptions.UnexpectedResponse: Unexpected Response: 404 (Not Found)
Raw response content:
b'404 page not found\n'
[2026-05-01 22:00:37] [INFO] [request] ← POST /query | status=200 | total=287.0ms
[2026-05-01 22:00:39] [INFO] [request] → POST /query
[2026-05-01 22:00:39] [INFO] [query_handler] [8f7ee4] [1/8] sanitize_query | query=What is the distribution of policies by status (draft, published, archived)? |0.0ms
[2026-05-01 22:00:39] [INFO] [query_handler] [8f7ee4] [2/8] get_embedding | 12.1ms
[2026-05-01 22:00:39] [INFO] [query_handler] [8f7ee4] adaptive_top_k | schema=True | top_k=30
[2026-05-01 22:00:39] [INFO] [query_handler] [8f7ee4] keyword_route | schema=True (keyword/regex match)
[2026-05-01 22:00:39] [INFO] [query_handler] [8f7ee4] route | collection=schema | is_schema=True
[2026-05-01 22:00:39] [ERROR] [query_handler] [8f7ee4] ✗ handle_query failed (Unknown Error) | total=366.5ms | error=Unexpected Response: 404 (Not Found)
Raw response content:
b'404 page not found\n'
Traceback (most recent call last):
  File "/Users/shaikmohammedjabirhussain/Desktop/XIT-RAG/handlers/rag_handlers/query_handler.py", line 346, in handle_query
    chunks = self.retrieval_service.retrieve(
        target_collection,
    ...<3 lines>...
        filters,
    )
  File "/Users/shaikmohammedjabirhussain/Desktop/XIT-RAG/services/rag_services/retrieval_service.py", line 71, in retrieve
    hits = self.qdrant_service.search(
        collection_name=collection,
    ...<3 lines>...
        query_filter=query_filter,
    )
  File "/Users/shaikmohammedjabirhussain/Desktop/XIT-RAG/services/rag_services/qdrant_service.py", line 67, in search
    return self.client.search(
           ~~~~~~~~~~~~~~~~~~^
        collection_name=collection_name,
        ^^^^^^^^^^^^^^^^^^^^^^^^^^^^^^^^
    ...<3 lines>...
        query_filter=query_filter,
        ^^^^^^^^^^^^^^^^^^^^^^^^^^
    )
    ^
  File "/Users/shaikmohammedjabirhussain/Desktop/XIT-RAG/.venv/lib/python3.14/site-packages/qdrant_client/qdrant_client.py", line 387, in search
    return self._client.search(
           ~~~~~~~~~~~~~~~~~~~^
        collection_name=collection_name,
        ^^^^^^^^^^^^^^^^^^^^^^^^^^^^^^^^
    ...<12 lines>...
        **kwargs,
        ^^^^^^^^^
    )
    ^
  File "/Users/shaikmohammedjabirhussain/Desktop/XIT-RAG/.venv/lib/python3.14/site-packages/qdrant_client/qdrant_remote.py", line 563, in search
    search_result = self.http.points_api.search_points(
        collection_name=collection_name,
    ...<12 lines>...
        ),
    )
  File "/Users/shaikmohammedjabirhussain/Desktop/XIT-RAG/.venv/lib/python3.14/site-packages/qdrant_client/http/api/points_api.py", line 1616, in search_points
    return self._build_for_search_points(
           ~~~~~~~~~~~~~~~~~~~~~~~~~~~~~^
        collection_name=collection_name,
        ^^^^^^^^^^^^^^^^^^^^^^^^^^^^^^^^
    ...<2 lines>...
        search_request=search_request,
        ^^^^^^^^^^^^^^^^^^^^^^^^^^^^^^
    )
    ^
  File "/Users/shaikmohammedjabirhussain/Desktop/XIT-RAG/.venv/lib/python3.14/site-packages/qdrant_client/http/api/points_api.py", line 750, in _build_for_search_points
    return self.api_client.request(
           ~~~~~~~~~~~~~~~~~~~~~~~^
        type_=m.InlineResponse20016,
        ^^^^^^^^^^^^^^^^^^^^^^^^^^^^
    ...<5 lines>...
        content=body,
        ^^^^^^^^^^^^^
    )
    ^
  File "/Users/shaikmohammedjabirhussain/Desktop/XIT-RAG/.venv/lib/python3.14/site-packages/qdrant_client/http/api_client.py", line 79, in request
    return self.send(request, type_)
           ~~~~~~~~~^^^^^^^^^^^^^^^^
  File "/Users/shaikmohammedjabirhussain/Desktop/XIT-RAG/.venv/lib/python3.14/site-packages/qdrant_client/http/api_client.py", line 102, in send
    raise UnexpectedResponse.for_response(response)
qdrant_client.http.exceptions.UnexpectedResponse: Unexpected Response: 404 (Not Found)
Raw response content:
b'404 page not found\n'
[2026-05-01 22:00:39] [INFO] [request] ← POST /query | status=200 | total=372.4ms
[2026-05-01 22:00:40] [INFO] [request] → POST /query
[2026-05-01 22:00:40] [INFO] [query_handler] [f5fb3b] [1/8] sanitize_query | query=How many controls are there per framework? |0.0ms
[2026-05-01 22:00:40] [INFO] [query_handler] [f5fb3b] [2/8] get_embedding | 10.8ms
[2026-05-01 22:00:40] [INFO] [query_handler] [f5fb3b] adaptive_top_k | schema=True | top_k=30
[2026-05-01 22:00:40] [INFO] [query_handler] [f5fb3b] keyword_route | schema=True (keyword/regex match)
[2026-05-01 22:00:40] [INFO] [query_handler] [f5fb3b] route | collection=schema | is_schema=True
[2026-05-01 22:00:41] [ERROR] [query_handler] [f5fb3b] ✗ handle_query failed (Unknown Error) | total=320.0ms | error=Unexpected Response: 404 (Not Found)
Raw response content:
b'404 page not found\n'
Traceback (most recent call last):
  File "/Users/shaikmohammedjabirhussain/Desktop/XIT-RAG/handlers/rag_handlers/query_handler.py", line 346, in handle_query
    chunks = self.retrieval_service.retrieve(
        target_collection,
    ...<3 lines>...
        filters,
    )
  File "/Users/shaikmohammedjabirhussain/Desktop/XIT-RAG/services/rag_services/retrieval_service.py", line 71, in retrieve
    hits = self.qdrant_service.search(
        collection_name=collection,
    ...<3 lines>...
        query_filter=query_filter,
    )
  File "/Users/shaikmohammedjabirhussain/Desktop/XIT-RAG/services/rag_services/qdrant_service.py", line 67, in search
    return self.client.search(
           ~~~~~~~~~~~~~~~~~~^
        collection_name=collection_name,
        ^^^^^^^^^^^^^^^^^^^^^^^^^^^^^^^^
    ...<3 lines>...
        query_filter=query_filter,
        ^^^^^^^^^^^^^^^^^^^^^^^^^^
    )
    ^
  File "/Users/shaikmohammedjabirhussain/Desktop/XIT-RAG/.venv/lib/python3.14/site-packages/qdrant_client/qdrant_client.py", line 387, in search
    return self._client.search(
           ~~~~~~~~~~~~~~~~~~~^
        collection_name=collection_name,
        ^^^^^^^^^^^^^^^^^^^^^^^^^^^^^^^^
    ...<12 lines>...
        **kwargs,
        ^^^^^^^^^
    )
    ^
  File "/Users/shaikmohammedjabirhussain/Desktop/XIT-RAG/.venv/lib/python3.14/site-packages/qdrant_client/qdrant_remote.py", line 563, in search
    search_result = self.http.points_api.search_points(
        collection_name=collection_name,
    ...<12 lines>...
        ),
    )
  File "/Users/shaikmohammedjabirhussain/Desktop/XIT-RAG/.venv/lib/python3.14/site-packages/qdrant_client/http/api/points_api.py", line 1616, in search_points
    return self._build_for_search_points(
           ~~~~~~~~~~~~~~~~~~~~~~~~~~~~~^
        collection_name=collection_name,
        ^^^^^^^^^^^^^^^^^^^^^^^^^^^^^^^^
    ...<2 lines>...
        search_request=search_request,
        ^^^^^^^^^^^^^^^^^^^^^^^^^^^^^^
    )
    ^
  File "/Users/shaikmohammedjabirhussain/Desktop/XIT-RAG/.venv/lib/python3.14/site-packages/qdrant_client/http/api/points_api.py", line 750, in _build_for_search_points
    return self.api_client.request(
           ~~~~~~~~~~~~~~~~~~~~~~~^
        type_=m.InlineResponse20016,
        ^^^^^^^^^^^^^^^^^^^^^^^^^^^^
    ...<5 lines>...
        content=body,
        ^^^^^^^^^^^^^
    )
    ^
  File "/Users/shaikmohammedjabirhussain/Desktop/XIT-RAG/.venv/lib/python3.14/site-packages/qdrant_client/http/api_client.py", line 79, in request
    return self.send(request, type_)
           ~~~~~~~~~^^^^^^^^^^^^^^^^
  File "/Users/shaikmohammedjabirhussain/Desktop/XIT-RAG/.venv/lib/python3.14/site-packages/qdrant_client/http/api_client.py", line 102, in send
    raise UnexpectedResponse.for_response(response)
qdrant_client.http.exceptions.UnexpectedResponse: Unexpected Response: 404 (Not Found)
Raw response content:
b'404 page not found\n'
[2026-05-01 22:00:41] [INFO] [request] ← POST /query | status=200 | total=326.9ms
[2026-05-01 22:00:42] [INFO] [request] → POST /query
[2026-05-01 22:00:42] [INFO] [query_handler] [d8e8b4] [1/8] sanitize_query | query=Show me all findings along with their associated audit details. |0.0ms
[2026-05-01 22:00:42] [INFO] [query_handler] [d8e8b4] [2/8] get_embedding | 10.8ms
[2026-05-01 22:00:42] [INFO] [query_handler] [d8e8b4] adaptive_top_k | schema=True | top_k=30
[2026-05-01 22:00:42] [INFO] [query_handler] [d8e8b4] keyword_route | schema=True (keyword/regex match)
[2026-05-01 22:00:42] [INFO] [query_handler] [d8e8b4] route | collection=schema | is_schema=True
[2026-05-01 22:00:43] [ERROR] [query_handler] [d8e8b4] ✗ handle_query failed (Unknown Error) | total=525.3ms | error=Unexpected Response: 404 (Not Found)
Raw response content:
b'404 page not found\n'
Traceback (most recent call last):
  File "/Users/shaikmohammedjabirhussain/Desktop/XIT-RAG/handlers/rag_handlers/query_handler.py", line 346, in handle_query
    chunks = self.retrieval_service.retrieve(
        target_collection,
    ...<3 lines>...
        filters,
    )
  File "/Users/shaikmohammedjabirhussain/Desktop/XIT-RAG/services/rag_services/retrieval_service.py", line 71, in retrieve
    hits = self.qdrant_service.search(
        collection_name=collection,
    ...<3 lines>...
        query_filter=query_filter,
    )
  File "/Users/shaikmohammedjabirhussain/Desktop/XIT-RAG/services/rag_services/qdrant_service.py", line 67, in search
    return self.client.search(
           ~~~~~~~~~~~~~~~~~~^
        collection_name=collection_name,
        ^^^^^^^^^^^^^^^^^^^^^^^^^^^^^^^^
    ...<3 lines>...
        query_filter=query_filter,
        ^^^^^^^^^^^^^^^^^^^^^^^^^^
    )
    ^
  File "/Users/shaikmohammedjabirhussain/Desktop/XIT-RAG/.venv/lib/python3.14/site-packages/qdrant_client/qdrant_client.py", line 387, in search
    return self._client.search(
           ~~~~~~~~~~~~~~~~~~~^
        collection_name=collection_name,
        ^^^^^^^^^^^^^^^^^^^^^^^^^^^^^^^^
    ...<12 lines>...
        **kwargs,
        ^^^^^^^^^
    )
    ^
  File "/Users/shaikmohammedjabirhussain/Desktop/XIT-RAG/.venv/lib/python3.14/site-packages/qdrant_client/qdrant_remote.py", line 563, in search
    search_result = self.http.points_api.search_points(
        collection_name=collection_name,
    ...<12 lines>...
        ),
    )
  File "/Users/shaikmohammedjabirhussain/Desktop/XIT-RAG/.venv/lib/python3.14/site-packages/qdrant_client/http/api/points_api.py", line 1616, in search_points
    return self._build_for_search_points(
           ~~~~~~~~~~~~~~~~~~~~~~~~~~~~~^
        collection_name=collection_name,
        ^^^^^^^^^^^^^^^^^^^^^^^^^^^^^^^^
    ...<2 lines>...
        search_request=search_request,
        ^^^^^^^^^^^^^^^^^^^^^^^^^^^^^^
    )
    ^
  File "/Users/shaikmohammedjabirhussain/Desktop/XIT-RAG/.venv/lib/python3.14/site-packages/qdrant_client/http/api/points_api.py", line 750, in _build_for_search_points
    return self.api_client.request(
           ~~~~~~~~~~~~~~~~~~~~~~~^
        type_=m.InlineResponse20016,
        ^^^^^^^^^^^^^^^^^^^^^^^^^^^^
    ...<5 lines>...
        content=body,
        ^^^^^^^^^^^^^
    )
    ^
  File "/Users/shaikmohammedjabirhussain/Desktop/XIT-RAG/.venv/lib/python3.14/site-packages/qdrant_client/http/api_client.py", line 79, in request
    return self.send(request, type_)
           ~~~~~~~~~^^^^^^^^^^^^^^^^
  File "/Users/shaikmohammedjabirhussain/Desktop/XIT-RAG/.venv/lib/python3.14/site-packages/qdrant_client/http/api_client.py", line 102, in send
    raise UnexpectedResponse.for_response(response)
qdrant_client.http.exceptions.UnexpectedResponse: Unexpected Response: 404 (Not Found)
Raw response content:
b'404 page not found\n'
[2026-05-01 22:00:43] [INFO] [request] ← POST /query | status=200 | total=532.8ms
[2026-05-01 22:00:44] [INFO] [request] → POST /query
[2026-05-01 22:00:44] [INFO] [query_handler] [51e9e8] [1/8] sanitize_query | query=Which users are assigned to which organizations? |0.0ms
[2026-05-01 22:00:44] [INFO] [query_handler] [51e9e8] [2/8] get_embedding | 9.3ms
[2026-05-01 22:00:44] [INFO] [query_handler] [51e9e8] adaptive_top_k | schema=True | top_k=30
[2026-05-01 22:00:44] [INFO] [query_handler] [51e9e8] keyword_route | schema=True (keyword/regex match)
[2026-05-01 22:00:44] [INFO] [query_handler] [51e9e8] route | collection=schema | is_schema=True
[2026-05-01 22:00:45] [ERROR] [query_handler] [51e9e8] ✗ handle_query failed (Unknown Error) | total=941.3ms | error=Unexpected Response: 404 (Not Found)
Raw response content:
b'404 page not found\n'
Traceback (most recent call last):
  File "/Users/shaikmohammedjabirhussain/Desktop/XIT-RAG/handlers/rag_handlers/query_handler.py", line 346, in handle_query
    chunks = self.retrieval_service.retrieve(
        target_collection,
    ...<3 lines>...
        filters,
    )
  File "/Users/shaikmohammedjabirhussain/Desktop/XIT-RAG/services/rag_services/retrieval_service.py", line 71, in retrieve
    hits = self.qdrant_service.search(
        collection_name=collection,
    ...<3 lines>...
        query_filter=query_filter,
    )
  File "/Users/shaikmohammedjabirhussain/Desktop/XIT-RAG/services/rag_services/qdrant_service.py", line 67, in search
    return self.client.search(
           ~~~~~~~~~~~~~~~~~~^
        collection_name=collection_name,
        ^^^^^^^^^^^^^^^^^^^^^^^^^^^^^^^^
    ...<3 lines>...
        query_filter=query_filter,
        ^^^^^^^^^^^^^^^^^^^^^^^^^^
    )
    ^
  File "/Users/shaikmohammedjabirhussain/Desktop/XIT-RAG/.venv/lib/python3.14/site-packages/qdrant_client/qdrant_client.py", line 387, in search
    return self._client.search(
           ~~~~~~~~~~~~~~~~~~~^
        collection_name=collection_name,
        ^^^^^^^^^^^^^^^^^^^^^^^^^^^^^^^^
    ...<12 lines>...
        **kwargs,
        ^^^^^^^^^
    )
    ^
  File "/Users/shaikmohammedjabirhussain/Desktop/XIT-RAG/.venv/lib/python3.14/site-packages/qdrant_client/qdrant_remote.py", line 563, in search
    search_result = self.http.points_api.search_points(
        collection_name=collection_name,
    ...<12 lines>...
        ),
    )
  File "/Users/shaikmohammedjabirhussain/Desktop/XIT-RAG/.venv/lib/python3.14/site-packages/qdrant_client/http/api/points_api.py", line 1616, in search_points
    return self._build_for_search_points(
           ~~~~~~~~~~~~~~~~~~~~~~~~~~~~~^
        collection_name=collection_name,
        ^^^^^^^^^^^^^^^^^^^^^^^^^^^^^^^^
    ...<2 lines>...
        search_request=search_request,
        ^^^^^^^^^^^^^^^^^^^^^^^^^^^^^^
    )
    ^
  File "/Users/shaikmohammedjabirhussain/Desktop/XIT-RAG/.venv/lib/python3.14/site-packages/qdrant_client/http/api/points_api.py", line 750, in _build_for_search_points
    return self.api_client.request(
           ~~~~~~~~~~~~~~~~~~~~~~~^
        type_=m.InlineResponse20016,
        ^^^^^^^^^^^^^^^^^^^^^^^^^^^^
    ...<5 lines>...
        content=body,
        ^^^^^^^^^^^^^
    )
    ^
  File "/Users/shaikmohammedjabirhussain/Desktop/XIT-RAG/.venv/lib/python3.14/site-packages/qdrant_client/http/api_client.py", line 79, in request
    return self.send(request, type_)
           ~~~~~~~~~^^^^^^^^^^^^^^^^
  File "/Users/shaikmohammedjabirhussain/Desktop/XIT-RAG/.venv/lib/python3.14/site-packages/qdrant_client/http/api_client.py", line 102, in send
    raise UnexpectedResponse.for_response(response)
qdrant_client.http.exceptions.UnexpectedResponse: Unexpected Response: 404 (Not Found)
Raw response content:
b'404 page not found\n'
[2026-05-01 22:00:45] [INFO] [request] ← POST /query | status=200 | total=948.3ms
[2026-05-01 22:00:47] [INFO] [request] → POST /query
[2026-05-01 22:00:47] [INFO] [query_handler] [1d15a2] [1/8] sanitize_query | query=List all risks along with their associated policies and risk scores. |0.0ms
[2026-05-01 22:00:47] [INFO] [query_handler] [1d15a2] [2/8] get_embedding | 10.1ms
[2026-05-01 22:00:47] [INFO] [query_handler] [1d15a2] adaptive_top_k | schema=True | top_k=30
[2026-05-01 22:00:47] [INFO] [query_handler] [1d15a2] keyword_route | schema=True (keyword/regex match)
[2026-05-01 22:00:47] [INFO] [query_handler] [1d15a2] route | collection=schema | is_schema=True
[2026-05-01 22:00:47] [ERROR] [query_handler] [1d15a2] ✗ handle_query failed (Unknown Error) | total=253.6ms | error=Unexpected Response: 404 (Not Found)
Raw response content:
b'404 page not found\n'
Traceback (most recent call last):
  File "/Users/shaikmohammedjabirhussain/Desktop/XIT-RAG/handlers/rag_handlers/query_handler.py", line 346, in handle_query
    chunks = self.retrieval_service.retrieve(
        target_collection,
    ...<3 lines>...
        filters,
    )
  File "/Users/shaikmohammedjabirhussain/Desktop/XIT-RAG/services/rag_services/retrieval_service.py", line 71, in retrieve
    hits = self.qdrant_service.search(
        collection_name=collection,
    ...<3 lines>...
        query_filter=query_filter,
    )
  File "/Users/shaikmohammedjabirhussain/Desktop/XIT-RAG/services/rag_services/qdrant_service.py", line 67, in search
    return self.client.search(
           ~~~~~~~~~~~~~~~~~~^
        collection_name=collection_name,
        ^^^^^^^^^^^^^^^^^^^^^^^^^^^^^^^^
    ...<3 lines>...
        query_filter=query_filter,
        ^^^^^^^^^^^^^^^^^^^^^^^^^^
    )
    ^
  File "/Users/shaikmohammedjabirhussain/Desktop/XIT-RAG/.venv/lib/python3.14/site-packages/qdrant_client/qdrant_client.py", line 387, in search
    return self._client.search(
           ~~~~~~~~~~~~~~~~~~~^
        collection_name=collection_name,
        ^^^^^^^^^^^^^^^^^^^^^^^^^^^^^^^^
    ...<12 lines>...
        **kwargs,
        ^^^^^^^^^
    )
    ^
  File "/Users/shaikmohammedjabirhussain/Desktop/XIT-RAG/.venv/lib/python3.14/site-packages/qdrant_client/qdrant_remote.py", line 563, in search
    search_result = self.http.points_api.search_points(
        collection_name=collection_name,
    ...<12 lines>...
        ),
    )
  File "/Users/shaikmohammedjabirhussain/Desktop/XIT-RAG/.venv/lib/python3.14/site-packages/qdrant_client/http/api/points_api.py", line 1616, in search_points
    return self._build_for_search_points(
           ~~~~~~~~~~~~~~~~~~~~~~~~~~~~~^
        collection_name=collection_name,
        ^^^^^^^^^^^^^^^^^^^^^^^^^^^^^^^^
    ...<2 lines>...
        search_request=search_request,
        ^^^^^^^^^^^^^^^^^^^^^^^^^^^^^^
    )
    ^
  File "/Users/shaikmohammedjabirhussain/Desktop/XIT-RAG/.venv/lib/python3.14/site-packages/qdrant_client/http/api/points_api.py", line 750, in _build_for_search_points
    return self.api_client.request(
           ~~~~~~~~~~~~~~~~~~~~~~~^
        type_=m.InlineResponse20016,
        ^^^^^^^^^^^^^^^^^^^^^^^^^^^^
    ...<5 lines>...
        content=body,
        ^^^^^^^^^^^^^
    )
    ^
  File "/Users/shaikmohammedjabirhussain/Desktop/XIT-RAG/.venv/lib/python3.14/site-packages/qdrant_client/http/api_client.py", line 79, in request
    return self.send(request, type_)
           ~~~~~~~~~^^^^^^^^^^^^^^^^
  File "/Users/shaikmohammedjabirhussain/Desktop/XIT-RAG/.venv/lib/python3.14/site-packages/qdrant_client/http/api_client.py", line 102, in send
    raise UnexpectedResponse.for_response(response)
qdrant_client.http.exceptions.UnexpectedResponse: Unexpected Response: 404 (Not Found)
Raw response content:
b'404 page not found\n'
[2026-05-01 22:00:47] [INFO] [request] ← POST /query | status=200 | total=258.4ms
[2026-05-01 22:00:49] [INFO] [request] → POST /query
[2026-05-01 22:00:49] [INFO] [query_handler] [2da8c6] [1/8] sanitize_query | query=Show me all high-risk items — where the risk score is above 7. |0.0ms
[2026-05-01 22:00:49] [INFO] [query_handler] [2da8c6] [2/8] get_embedding | 11.4ms
[2026-05-01 22:00:49] [INFO] [query_handler] [2da8c6] adaptive_top_k | schema=True | top_k=30
[2026-05-01 22:00:49] [INFO] [query_handler] [2da8c6] keyword_route | schema=True (keyword/regex match)
[2026-05-01 22:00:49] [INFO] [query_handler] [2da8c6] route | collection=schema | is_schema=True
[2026-05-01 22:00:49] [ERROR] [query_handler] [2da8c6] ✗ handle_query failed (Unknown Error) | total=248.7ms | error=Unexpected Response: 404 (Not Found)
Raw response content:
b'404 page not found\n'
Traceback (most recent call last):
  File "/Users/shaikmohammedjabirhussain/Desktop/XIT-RAG/handlers/rag_handlers/query_handler.py", line 346, in handle_query
    chunks = self.retrieval_service.retrieve(
        target_collection,
    ...<3 lines>...
        filters,
    )
  File "/Users/shaikmohammedjabirhussain/Desktop/XIT-RAG/services/rag_services/retrieval_service.py", line 71, in retrieve
    hits = self.qdrant_service.search(
        collection_name=collection,
    ...<3 lines>...
        query_filter=query_filter,
    )
  File "/Users/shaikmohammedjabirhussain/Desktop/XIT-RAG/services/rag_services/qdrant_service.py", line 67, in search
    return self.client.search(
           ~~~~~~~~~~~~~~~~~~^
        collection_name=collection_name,
        ^^^^^^^^^^^^^^^^^^^^^^^^^^^^^^^^
    ...<3 lines>...
        query_filter=query_filter,
        ^^^^^^^^^^^^^^^^^^^^^^^^^^
    )
    ^
  File "/Users/shaikmohammedjabirhussain/Desktop/XIT-RAG/.venv/lib/python3.14/site-packages/qdrant_client/qdrant_client.py", line 387, in search
    return self._client.search(
           ~~~~~~~~~~~~~~~~~~~^
        collection_name=collection_name,
        ^^^^^^^^^^^^^^^^^^^^^^^^^^^^^^^^
    ...<12 lines>...
        **kwargs,
        ^^^^^^^^^
    )
    ^
  File "/Users/shaikmohammedjabirhussain/Desktop/XIT-RAG/.venv/lib/python3.14/site-packages/qdrant_client/qdrant_remote.py", line 563, in search
    search_result = self.http.points_api.search_points(
        collection_name=collection_name,
    ...<12 lines>...
        ),
    )
  File "/Users/shaikmohammedjabirhussain/Desktop/XIT-RAG/.venv/lib/python3.14/site-packages/qdrant_client/http/api/points_api.py", line 1616, in search_points
    return self._build_for_search_points(
           ~~~~~~~~~~~~~~~~~~~~~~~~~~~~~^
        collection_name=collection_name,
        ^^^^^^^^^^^^^^^^^^^^^^^^^^^^^^^^
    ...<2 lines>...
        search_request=search_request,
        ^^^^^^^^^^^^^^^^^^^^^^^^^^^^^^
    )
    ^
  File "/Users/shaikmohammedjabirhussain/Desktop/XIT-RAG/.venv/lib/python3.14/site-packages/qdrant_client/http/api/points_api.py", line 750, in _build_for_search_points
    return self.api_client.request(
           ~~~~~~~~~~~~~~~~~~~~~~~^
        type_=m.InlineResponse20016,
        ^^^^^^^^^^^^^^^^^^^^^^^^^^^^
    ...<5 lines>...
        content=body,
        ^^^^^^^^^^^^^
    )
    ^
  File "/Users/shaikmohammedjabirhussain/Desktop/XIT-RAG/.venv/lib/python3.14/site-packages/qdrant_client/http/api_client.py", line 79, in request
    return self.send(request, type_)
           ~~~~~~~~~^^^^^^^^^^^^^^^^
  File "/Users/shaikmohammedjabirhussain/Desktop/XIT-RAG/.venv/lib/python3.14/site-packages/qdrant_client/http/api_client.py", line 102, in send
    raise UnexpectedResponse.for_response(response)
qdrant_client.http.exceptions.UnexpectedResponse: Unexpected Response: 404 (Not Found)
Raw response content:
b'404 page not found\n'
[2026-05-01 22:00:49] [INFO] [request] ← POST /query | status=200 | total=255.9ms
[2026-05-01 22:00:50] [INFO] [request] → POST /query
[2026-05-01 22:00:50] [INFO] [query_handler] [01c0bb] [1/8] sanitize_query | query=Which audits have a status of completed or closed? |0.0ms
[2026-05-01 22:00:50] [INFO] [query_handler] [01c0bb] [2/8] get_embedding | 10.7ms
[2026-05-01 22:00:50] [INFO] [query_handler] [01c0bb] adaptive_top_k | schema=True | top_k=30
[2026-05-01 22:00:50] [INFO] [query_handler] [01c0bb] keyword_route | schema=True (keyword/regex match)
[2026-05-01 22:00:50] [INFO] [query_handler] [01c0bb] route | collection=schema | is_schema=True
[2026-05-01 22:00:51] [ERROR] [query_handler] [01c0bb] ✗ handle_query failed (Unknown Error) | total=338.9ms | error=Unexpected Response: 404 (Not Found)
Raw response content:
b'404 page not found\n'
Traceback (most recent call last):
  File "/Users/shaikmohammedjabirhussain/Desktop/XIT-RAG/handlers/rag_handlers/query_handler.py", line 346, in handle_query
    chunks = self.retrieval_service.retrieve(
        target_collection,
    ...<3 lines>...
        filters,
    )
  File "/Users/shaikmohammedjabirhussain/Desktop/XIT-RAG/services/rag_services/retrieval_service.py", line 71, in retrieve
    hits = self.qdrant_service.search(
        collection_name=collection,
    ...<3 lines>...
        query_filter=query_filter,
    )
  File "/Users/shaikmohammedjabirhussain/Desktop/XIT-RAG/services/rag_services/qdrant_service.py", line 67, in search
    return self.client.search(
           ~~~~~~~~~~~~~~~~~~^
        collection_name=collection_name,
        ^^^^^^^^^^^^^^^^^^^^^^^^^^^^^^^^
    ...<3 lines>...
        query_filter=query_filter,
        ^^^^^^^^^^^^^^^^^^^^^^^^^^
    )
    ^
  File "/Users/shaikmohammedjabirhussain/Desktop/XIT-RAG/.venv/lib/python3.14/site-packages/qdrant_client/qdrant_client.py", line 387, in search
    return self._client.search(
           ~~~~~~~~~~~~~~~~~~~^
        collection_name=collection_name,
        ^^^^^^^^^^^^^^^^^^^^^^^^^^^^^^^^
    ...<12 lines>...
        **kwargs,
        ^^^^^^^^^
    )
    ^
  File "/Users/shaikmohammedjabirhussain/Desktop/XIT-RAG/.venv/lib/python3.14/site-packages/qdrant_client/qdrant_remote.py", line 563, in search
    search_result = self.http.points_api.search_points(
        collection_name=collection_name,
    ...<12 lines>...
        ),
    )
  File "/Users/shaikmohammedjabirhussain/Desktop/XIT-RAG/.venv/lib/python3.14/site-packages/qdrant_client/http/api/points_api.py", line 1616, in search_points
    return self._build_for_search_points(
           ~~~~~~~~~~~~~~~~~~~~~~~~~~~~~^
        collection_name=collection_name,
        ^^^^^^^^^^^^^^^^^^^^^^^^^^^^^^^^
    ...<2 lines>...
        search_request=search_request,
        ^^^^^^^^^^^^^^^^^^^^^^^^^^^^^^
    )
    ^
  File "/Users/shaikmohammedjabirhussain/Desktop/XIT-RAG/.venv/lib/python3.14/site-packages/qdrant_client/http/api/points_api.py", line 750, in _build_for_search_points
    return self.api_client.request(
           ~~~~~~~~~~~~~~~~~~~~~~~^
        type_=m.InlineResponse20016,
        ^^^^^^^^^^^^^^^^^^^^^^^^^^^^
    ...<5 lines>...
        content=body,
        ^^^^^^^^^^^^^
    )
    ^
  File "/Users/shaikmohammedjabirhussain/Desktop/XIT-RAG/.venv/lib/python3.14/site-packages/qdrant_client/http/api_client.py", line 79, in request
    return self.send(request, type_)
           ~~~~~~~~~^^^^^^^^^^^^^^^^
  File "/Users/shaikmohammedjabirhussain/Desktop/XIT-RAG/.venv/lib/python3.14/site-packages/qdrant_client/http/api_client.py", line 102, in send
    raise UnexpectedResponse.for_response(response)
qdrant_client.http.exceptions.UnexpectedResponse: Unexpected Response: 404 (Not Found)
Raw response content:
b'404 page not found\n'
[2026-05-01 22:00:51] [INFO] [request] ← POST /query | status=200 | total=346.3ms
[2026-05-01 22:00:52] [INFO] [request] → POST /query
[2026-05-01 22:00:52] [INFO] [query_handler] [4379f8] [1/8] sanitize_query | query=For each organization, how many open risks do they have? Show org name and count, ordered by most risks first. |0.0ms
[2026-05-01 22:00:52] [INFO] [query_handler] [4379f8] [2/8] get_embedding | 11.4ms
[2026-05-01 22:00:52] [INFO] [query_handler] [4379f8] adaptive_top_k | schema=True | top_k=30
[2026-05-01 22:00:52] [INFO] [query_handler] [4379f8] keyword_route | schema=True (keyword/regex match)
[2026-05-01 22:00:52] [INFO] [query_handler] [4379f8] route | collection=schema | is_schema=True
[2026-05-01 22:00:53] [ERROR] [query_handler] [4379f8] ✗ handle_query failed (Unknown Error) | total=252.1ms | error=Unexpected Response: 404 (Not Found)
Raw response content:
b'404 page not found\n'
Traceback (most recent call last):
  File "/Users/shaikmohammedjabirhussain/Desktop/XIT-RAG/handlers/rag_handlers/query_handler.py", line 346, in handle_query
    chunks = self.retrieval_service.retrieve(
        target_collection,
    ...<3 lines>...
        filters,
    )
  File "/Users/shaikmohammedjabirhussain/Desktop/XIT-RAG/services/rag_services/retrieval_service.py", line 71, in retrieve
    hits = self.qdrant_service.search(
        collection_name=collection,
    ...<3 lines>...
        query_filter=query_filter,
    )
  File "/Users/shaikmohammedjabirhussain/Desktop/XIT-RAG/services/rag_services/qdrant_service.py", line 67, in search
    return self.client.search(
           ~~~~~~~~~~~~~~~~~~^
        collection_name=collection_name,
        ^^^^^^^^^^^^^^^^^^^^^^^^^^^^^^^^
    ...<3 lines>...
        query_filter=query_filter,
        ^^^^^^^^^^^^^^^^^^^^^^^^^^
    )
    ^
  File "/Users/shaikmohammedjabirhussain/Desktop/XIT-RAG/.venv/lib/python3.14/site-packages/qdrant_client/qdrant_client.py", line 387, in search
    return self._client.search(
           ~~~~~~~~~~~~~~~~~~~^
        collection_name=collection_name,
        ^^^^^^^^^^^^^^^^^^^^^^^^^^^^^^^^
    ...<12 lines>...
        **kwargs,
        ^^^^^^^^^
    )
    ^
  File "/Users/shaikmohammedjabirhussain/Desktop/XIT-RAG/.venv/lib/python3.14/site-packages/qdrant_client/qdrant_remote.py", line 563, in search
    search_result = self.http.points_api.search_points(
        collection_name=collection_name,
    ...<12 lines>...
        ),
    )
  File "/Users/shaikmohammedjabirhussain/Desktop/XIT-RAG/.venv/lib/python3.14/site-packages/qdrant_client/http/api/points_api.py", line 1616, in search_points
    return self._build_for_search_points(
           ~~~~~~~~~~~~~~~~~~~~~~~~~~~~~^
        collection_name=collection_name,
        ^^^^^^^^^^^^^^^^^^^^^^^^^^^^^^^^
    ...<2 lines>...
        search_request=search_request,
        ^^^^^^^^^^^^^^^^^^^^^^^^^^^^^^
    )
    ^
  File "/Users/shaikmohammedjabirhussain/Desktop/XIT-RAG/.venv/lib/python3.14/site-packages/qdrant_client/http/api/points_api.py", line 750, in _build_for_search_points
    return self.api_client.request(
           ~~~~~~~~~~~~~~~~~~~~~~~^
        type_=m.InlineResponse20016,
        ^^^^^^^^^^^^^^^^^^^^^^^^^^^^
    ...<5 lines>...
        content=body,
        ^^^^^^^^^^^^^
    )
    ^
  File "/Users/shaikmohammedjabirhussain/Desktop/XIT-RAG/.venv/lib/python3.14/site-packages/qdrant_client/http/api_client.py", line 79, in request
    return self.send(request, type_)
           ~~~~~~~~~^^^^^^^^^^^^^^^^
  File "/Users/shaikmohammedjabirhussain/Desktop/XIT-RAG/.venv/lib/python3.14/site-packages/qdrant_client/http/api_client.py", line 102, in send
    raise UnexpectedResponse.for_response(response)
qdrant_client.http.exceptions.UnexpectedResponse: Unexpected Response: 404 (Not Found)
Raw response content:
b'404 page not found\n'
[2026-05-01 22:00:53] [INFO] [request] ← POST /query | status=200 | total=258.7ms
[2026-05-01 22:00:54] [INFO] [request] → POST /query
[2026-05-01 22:00:54] [INFO] [query_handler] [54ada9] [1/8] sanitize_query | query=Which frameworks have the most controls mapped to them, and how many findings are associated with those controls? |0.0ms
[2026-05-01 22:00:54] [INFO] [query_handler] [54ada9] [2/8] get_embedding | 10.0ms
[2026-05-01 22:00:54] [INFO] [query_handler] [54ada9] adaptive_top_k | schema=True | top_k=30
[2026-05-01 22:00:54] [INFO] [query_handler] [54ada9] keyword_route | schema=True (keyword/regex match)
[2026-05-01 22:00:54] [INFO] [query_handler] [54ada9] route | collection=schema | is_schema=True
[2026-05-01 22:00:54] [ERROR] [query_handler] [54ada9] ✗ handle_query failed (Unknown Error) | total=247.3ms | error=Unexpected Response: 404 (Not Found)
Raw response content:
b'404 page not found\n'
Traceback (most recent call last):
  File "/Users/shaikmohammedjabirhussain/Desktop/XIT-RAG/handlers/rag_handlers/query_handler.py", line 346, in handle_query
    chunks = self.retrieval_service.retrieve(
        target_collection,
    ...<3 lines>...
        filters,
    )
  File "/Users/shaikmohammedjabirhussain/Desktop/XIT-RAG/services/rag_services/retrieval_service.py", line 71, in retrieve
    hits = self.qdrant_service.search(
        collection_name=collection,
    ...<3 lines>...
        query_filter=query_filter,
    )
  File "/Users/shaikmohammedjabirhussain/Desktop/XIT-RAG/services/rag_services/qdrant_service.py", line 67, in search
    return self.client.search(
           ~~~~~~~~~~~~~~~~~~^
        collection_name=collection_name,
        ^^^^^^^^^^^^^^^^^^^^^^^^^^^^^^^^
    ...<3 lines>...
        query_filter=query_filter,
        ^^^^^^^^^^^^^^^^^^^^^^^^^^
    )
    ^
  File "/Users/shaikmohammedjabirhussain/Desktop/XIT-RAG/.venv/lib/python3.14/site-packages/qdrant_client/qdrant_client.py", line 387, in search
    return self._client.search(
           ~~~~~~~~~~~~~~~~~~~^
        collection_name=collection_name,
        ^^^^^^^^^^^^^^^^^^^^^^^^^^^^^^^^
    ...<12 lines>...
        **kwargs,
        ^^^^^^^^^
    )
    ^
  File "/Users/shaikmohammedjabirhussain/Desktop/XIT-RAG/.venv/lib/python3.14/site-packages/qdrant_client/qdrant_remote.py", line 563, in search
    search_result = self.http.points_api.search_points(
        collection_name=collection_name,
    ...<12 lines>...
        ),
    )
  File "/Users/shaikmohammedjabirhussain/Desktop/XIT-RAG/.venv/lib/python3.14/site-packages/qdrant_client/http/api/points_api.py", line 1616, in search_points
    return self._build_for_search_points(
           ~~~~~~~~~~~~~~~~~~~~~~~~~~~~~^
        collection_name=collection_name,
        ^^^^^^^^^^^^^^^^^^^^^^^^^^^^^^^^
    ...<2 lines>...
        search_request=search_request,
        ^^^^^^^^^^^^^^^^^^^^^^^^^^^^^^
    )
    ^
  File "/Users/shaikmohammedjabirhussain/Desktop/XIT-RAG/.venv/lib/python3.14/site-packages/qdrant_client/http/api/points_api.py", line 750, in _build_for_search_points
    return self.api_client.request(
           ~~~~~~~~~~~~~~~~~~~~~~~^
        type_=m.InlineResponse20016,
        ^^^^^^^^^^^^^^^^^^^^^^^^^^^^
    ...<5 lines>...
        content=body,
        ^^^^^^^^^^^^^
    )
    ^
  File "/Users/shaikmohammedjabirhussain/Desktop/XIT-RAG/.venv/lib/python3.14/site-packages/qdrant_client/http/api_client.py", line 79, in request
    return self.send(request, type_)
           ~~~~~~~~~^^^^^^^^^^^^^^^^
  File "/Users/shaikmohammedjabirhussain/Desktop/XIT-RAG/.venv/lib/python3.14/site-packages/qdrant_client/http/api_client.py", line 102, in send
    raise UnexpectedResponse.for_response(response)
qdrant_client.http.exceptions.UnexpectedResponse: Unexpected Response: 404 (Not Found)
Raw response content:
b'404 page not found\n'
[2026-05-01 22:00:54] [INFO] [request] ← POST /query | status=200 | total=253.4ms
[2026-05-01 22:01:02] [INFO] [request] → GET /stats
[2026-05-01 22:01:03] [INFO] [request] ← GET /stats | status=500 | total=715.2ms
[2026-05-01 22:14:28] [INFO] [request] → GET /stats
[2026-05-01 22:14:29] [INFO] [request] ← GET /stats | status=500 | total=821.9ms
[2026-05-01 22:14:29] [INFO] [request] → POST /query
[2026-05-01 22:14:35] [INFO] [query_handler] [03edcc] [1/8] sanitize_query | query=How many policies are there in total? |0.2ms
[2026-05-01 22:14:35] [INFO] [query_handler] [03edcc] [2/8] get_embedding | 113.5ms
[2026-05-01 22:14:35] [INFO] [query_handler] [03edcc] adaptive_top_k | schema=True | top_k=30
[2026-05-01 22:14:35] [INFO] [query_handler] [03edcc] keyword_route | schema=True (keyword/regex match)
[2026-05-01 22:14:35] [INFO] [query_handler] [03edcc] route | collection=schema | is_schema=True
[2026-05-01 22:14:36] [ERROR] [query_handler] [03edcc] ✗ handle_query failed (Unknown Error) | total=849.0ms | error=Unexpected Response: 404 (Not Found)
Raw response content:
b'404 page not found\n'
Traceback (most recent call last):
  File "/Users/shaikmohammedjabirhussain/Desktop/XIT-RAG/handlers/rag_handlers/query_handler.py", line 346, in handle_query
    chunks = self.retrieval_service.retrieve(
        target_collection,
    ...<3 lines>...
        filters,
    )
  File "/Users/shaikmohammedjabirhussain/Desktop/XIT-RAG/services/rag_services/retrieval_service.py", line 71, in retrieve
    hits = self.qdrant_service.search(
        collection_name=collection,
    ...<3 lines>...
        query_filter=query_filter,
    )
  File "/Users/shaikmohammedjabirhussain/Desktop/XIT-RAG/services/rag_services/qdrant_service.py", line 67, in search
    return self.client.search(
           ~~~~~~~~~~~~~~~~~~^
        collection_name=collection_name,
        ^^^^^^^^^^^^^^^^^^^^^^^^^^^^^^^^
    ...<3 lines>...
        query_filter=query_filter,
        ^^^^^^^^^^^^^^^^^^^^^^^^^^
    )
    ^
  File "/Users/shaikmohammedjabirhussain/Desktop/XIT-RAG/.venv/lib/python3.14/site-packages/qdrant_client/qdrant_client.py", line 387, in search
    return self._client.search(
           ~~~~~~~~~~~~~~~~~~~^
        collection_name=collection_name,
        ^^^^^^^^^^^^^^^^^^^^^^^^^^^^^^^^
    ...<12 lines>...
        **kwargs,
        ^^^^^^^^^
    )
    ^
  File "/Users/shaikmohammedjabirhussain/Desktop/XIT-RAG/.venv/lib/python3.14/site-packages/qdrant_client/qdrant_remote.py", line 563, in search
    search_result = self.http.points_api.search_points(
        collection_name=collection_name,
    ...<12 lines>...
        ),
    )
  File "/Users/shaikmohammedjabirhussain/Desktop/XIT-RAG/.venv/lib/python3.14/site-packages/qdrant_client/http/api/points_api.py", line 1616, in search_points
    return self._build_for_search_points(
           ~~~~~~~~~~~~~~~~~~~~~~~~~~~~~^
        collection_name=collection_name,
        ^^^^^^^^^^^^^^^^^^^^^^^^^^^^^^^^
    ...<2 lines>...
        search_request=search_request,
        ^^^^^^^^^^^^^^^^^^^^^^^^^^^^^^
    )
    ^
  File "/Users/shaikmohammedjabirhussain/Desktop/XIT-RAG/.venv/lib/python3.14/site-packages/qdrant_client/http/api/points_api.py", line 750, in _build_for_search_points
    return self.api_client.request(
           ~~~~~~~~~~~~~~~~~~~~~~~^
        type_=m.InlineResponse20016,
        ^^^^^^^^^^^^^^^^^^^^^^^^^^^^
    ...<5 lines>...
        content=body,
        ^^^^^^^^^^^^^
    )
    ^
  File "/Users/shaikmohammedjabirhussain/Desktop/XIT-RAG/.venv/lib/python3.14/site-packages/qdrant_client/http/api_client.py", line 79, in request
    return self.send(request, type_)
           ~~~~~~~~~^^^^^^^^^^^^^^^^
  File "/Users/shaikmohammedjabirhussain/Desktop/XIT-RAG/.venv/lib/python3.14/site-packages/qdrant_client/http/api_client.py", line 102, in send
    raise UnexpectedResponse.for_response(response)
qdrant_client.http.exceptions.UnexpectedResponse: Unexpected Response: 404 (Not Found)
Raw response content:
b'404 page not found\n'
[2026-05-01 22:14:36] [INFO] [request] ← POST /query | status=200 | total=7374.2ms
[2026-05-01 22:14:38] [INFO] [request] → POST /query
[2026-05-01 22:14:38] [INFO] [query_handler] [ac8052] [1/8] sanitize_query | query=List all published policies. |0.0ms
[2026-05-01 22:14:38] [INFO] [query_handler] [ac8052] [2/8] get_embedding | 8.2ms
[2026-05-01 22:14:38] [INFO] [query_handler] [ac8052] adaptive_top_k | schema=True | top_k=30
[2026-05-01 22:14:38] [INFO] [query_handler] [ac8052] keyword_route | schema=True (keyword/regex match)
[2026-05-01 22:14:38] [INFO] [query_handler] [ac8052] route | collection=schema | is_schema=True
[2026-05-01 22:14:38] [ERROR] [query_handler] [ac8052] ✗ handle_query failed (Unknown Error) | total=449.5ms | error=Unexpected Response: 404 (Not Found)
Raw response content:
b'404 page not found\n'
Traceback (most recent call last):
  File "/Users/shaikmohammedjabirhussain/Desktop/XIT-RAG/handlers/rag_handlers/query_handler.py", line 346, in handle_query
    chunks = self.retrieval_service.retrieve(
        target_collection,
    ...<3 lines>...
        filters,
    )
  File "/Users/shaikmohammedjabirhussain/Desktop/XIT-RAG/services/rag_services/retrieval_service.py", line 71, in retrieve
    hits = self.qdrant_service.search(
        collection_name=collection,
    ...<3 lines>...
        query_filter=query_filter,
    )
  File "/Users/shaikmohammedjabirhussain/Desktop/XIT-RAG/services/rag_services/qdrant_service.py", line 67, in search
    return self.client.search(
           ~~~~~~~~~~~~~~~~~~^
        collection_name=collection_name,
        ^^^^^^^^^^^^^^^^^^^^^^^^^^^^^^^^
    ...<3 lines>...
        query_filter=query_filter,
        ^^^^^^^^^^^^^^^^^^^^^^^^^^
    )
    ^
  File "/Users/shaikmohammedjabirhussain/Desktop/XIT-RAG/.venv/lib/python3.14/site-packages/qdrant_client/qdrant_client.py", line 387, in search
    return self._client.search(
           ~~~~~~~~~~~~~~~~~~~^
        collection_name=collection_name,
        ^^^^^^^^^^^^^^^^^^^^^^^^^^^^^^^^
    ...<12 lines>...
        **kwargs,
        ^^^^^^^^^
    )
    ^
  File "/Users/shaikmohammedjabirhussain/Desktop/XIT-RAG/.venv/lib/python3.14/site-packages/qdrant_client/qdrant_remote.py", line 563, in search
    search_result = self.http.points_api.search_points(
        collection_name=collection_name,
    ...<12 lines>...
        ),
    )
  File "/Users/shaikmohammedjabirhussain/Desktop/XIT-RAG/.venv/lib/python3.14/site-packages/qdrant_client/http/api/points_api.py", line 1616, in search_points
    return self._build_for_search_points(
           ~~~~~~~~~~~~~~~~~~~~~~~~~~~~~^
        collection_name=collection_name,
        ^^^^^^^^^^^^^^^^^^^^^^^^^^^^^^^^
    ...<2 lines>...
        search_request=search_request,
        ^^^^^^^^^^^^^^^^^^^^^^^^^^^^^^
    )
    ^
  File "/Users/shaikmohammedjabirhussain/Desktop/XIT-RAG/.venv/lib/python3.14/site-packages/qdrant_client/http/api/points_api.py", line 750, in _build_for_search_points
    return self.api_client.request(
           ~~~~~~~~~~~~~~~~~~~~~~~^
        type_=m.InlineResponse20016,
        ^^^^^^^^^^^^^^^^^^^^^^^^^^^^
    ...<5 lines>...
        content=body,
        ^^^^^^^^^^^^^
    )
    ^
  File "/Users/shaikmohammedjabirhussain/Desktop/XIT-RAG/.venv/lib/python3.14/site-packages/qdrant_client/http/api_client.py", line 79, in request
    return self.send(request, type_)
           ~~~~~~~~~^^^^^^^^^^^^^^^^
  File "/Users/shaikmohammedjabirhussain/Desktop/XIT-RAG/.venv/lib/python3.14/site-packages/qdrant_client/http/api_client.py", line 102, in send
    raise UnexpectedResponse.for_response(response)
qdrant_client.http.exceptions.UnexpectedResponse: Unexpected Response: 404 (Not Found)
Raw response content:
b'404 page not found\n'
[2026-05-01 22:14:38] [INFO] [request] ← POST /query | status=200 | total=455.3ms
[2026-05-01 22:14:40] [INFO] [request] → POST /query
[2026-05-01 22:14:40] [INFO] [query_handler] [5261ee] [1/8] sanitize_query | query=How many users exist in the system? |0.0ms
[2026-05-01 22:14:40] [INFO] [query_handler] [5261ee] [2/8] get_embedding | 12.2ms
[2026-05-01 22:14:40] [INFO] [query_handler] [5261ee] adaptive_top_k | schema=True | top_k=30
[2026-05-01 22:14:40] [INFO] [query_handler] [5261ee] keyword_route | schema=True (keyword/regex match)
[2026-05-01 22:14:40] [INFO] [query_handler] [5261ee] route | collection=schema | is_schema=True
[2026-05-01 22:14:40] [ERROR] [query_handler] [5261ee] ✗ handle_query failed (Unknown Error) | total=327.3ms | error=Unexpected Response: 404 (Not Found)
Raw response content:
b'404 page not found\n'
Traceback (most recent call last):
  File "/Users/shaikmohammedjabirhussain/Desktop/XIT-RAG/handlers/rag_handlers/query_handler.py", line 346, in handle_query
    chunks = self.retrieval_service.retrieve(
        target_collection,
    ...<3 lines>...
        filters,
    )
  File "/Users/shaikmohammedjabirhussain/Desktop/XIT-RAG/services/rag_services/retrieval_service.py", line 71, in retrieve
    hits = self.qdrant_service.search(
        collection_name=collection,
    ...<3 lines>...
        query_filter=query_filter,
    )
  File "/Users/shaikmohammedjabirhussain/Desktop/XIT-RAG/services/rag_services/qdrant_service.py", line 67, in search
    return self.client.search(
           ~~~~~~~~~~~~~~~~~~^
        collection_name=collection_name,
        ^^^^^^^^^^^^^^^^^^^^^^^^^^^^^^^^
    ...<3 lines>...
        query_filter=query_filter,
        ^^^^^^^^^^^^^^^^^^^^^^^^^^
    )
    ^
  File "/Users/shaikmohammedjabirhussain/Desktop/XIT-RAG/.venv/lib/python3.14/site-packages/qdrant_client/qdrant_client.py", line 387, in search
    return self._client.search(
           ~~~~~~~~~~~~~~~~~~~^
        collection_name=collection_name,
        ^^^^^^^^^^^^^^^^^^^^^^^^^^^^^^^^
    ...<12 lines>...
        **kwargs,
        ^^^^^^^^^
    )
    ^
  File "/Users/shaikmohammedjabirhussain/Desktop/XIT-RAG/.venv/lib/python3.14/site-packages/qdrant_client/qdrant_remote.py", line 563, in search
    search_result = self.http.points_api.search_points(
        collection_name=collection_name,
    ...<12 lines>...
        ),
    )
  File "/Users/shaikmohammedjabirhussain/Desktop/XIT-RAG/.venv/lib/python3.14/site-packages/qdrant_client/http/api/points_api.py", line 1616, in search_points
    return self._build_for_search_points(
           ~~~~~~~~~~~~~~~~~~~~~~~~~~~~~^
        collection_name=collection_name,
        ^^^^^^^^^^^^^^^^^^^^^^^^^^^^^^^^
    ...<2 lines>...
        search_request=search_request,
        ^^^^^^^^^^^^^^^^^^^^^^^^^^^^^^
    )
    ^
  File "/Users/shaikmohammedjabirhussain/Desktop/XIT-RAG/.venv/lib/python3.14/site-packages/qdrant_client/http/api/points_api.py", line 750, in _build_for_search_points
    return self.api_client.request(
           ~~~~~~~~~~~~~~~~~~~~~~~^
        type_=m.InlineResponse20016,
        ^^^^^^^^^^^^^^^^^^^^^^^^^^^^
    ...<5 lines>...
        content=body,
        ^^^^^^^^^^^^^
    )
    ^
  File "/Users/shaikmohammedjabirhussain/Desktop/XIT-RAG/.venv/lib/python3.14/site-packages/qdrant_client/http/api_client.py", line 79, in request
    return self.send(request, type_)
           ~~~~~~~~~^^^^^^^^^^^^^^^^
  File "/Users/shaikmohammedjabirhussain/Desktop/XIT-RAG/.venv/lib/python3.14/site-packages/qdrant_client/http/api_client.py", line 102, in send
    raise UnexpectedResponse.for_response(response)
qdrant_client.http.exceptions.UnexpectedResponse: Unexpected Response: 404 (Not Found)
Raw response content:
b'404 page not found\n'
[2026-05-01 22:14:40] [INFO] [request] ← POST /query | status=200 | total=333.2ms
[2026-05-01 22:14:41] [INFO] [request] → POST /query
[2026-05-01 22:14:41] [INFO] [query_handler] [320d4e] [1/8] sanitize_query | query=Show me all organizations. |0.0ms
[2026-05-01 22:14:41] [INFO] [query_handler] [320d4e] [2/8] get_embedding | 11.5ms
[2026-05-01 22:14:41] [INFO] [query_handler] [320d4e] adaptive_top_k | schema=True | top_k=30
[2026-05-01 22:14:41] [INFO] [query_handler] [320d4e] keyword_route | schema=True (keyword/regex match)
[2026-05-01 22:14:41] [INFO] [query_handler] [320d4e] route | collection=schema | is_schema=True
[2026-05-01 22:14:42] [ERROR] [query_handler] [320d4e] ✗ handle_query failed (Unknown Error) | total=249.8ms | error=Unexpected Response: 404 (Not Found)
Raw response content:
b'404 page not found\n'
Traceback (most recent call last):
  File "/Users/shaikmohammedjabirhussain/Desktop/XIT-RAG/handlers/rag_handlers/query_handler.py", line 346, in handle_query
    chunks = self.retrieval_service.retrieve(
        target_collection,
    ...<3 lines>...
        filters,
    )
  File "/Users/shaikmohammedjabirhussain/Desktop/XIT-RAG/services/rag_services/retrieval_service.py", line 71, in retrieve
    hits = self.qdrant_service.search(
        collection_name=collection,
    ...<3 lines>...
        query_filter=query_filter,
    )
  File "/Users/shaikmohammedjabirhussain/Desktop/XIT-RAG/services/rag_services/qdrant_service.py", line 67, in search
    return self.client.search(
           ~~~~~~~~~~~~~~~~~~^
        collection_name=collection_name,
        ^^^^^^^^^^^^^^^^^^^^^^^^^^^^^^^^
    ...<3 lines>...
        query_filter=query_filter,
        ^^^^^^^^^^^^^^^^^^^^^^^^^^
    )
    ^
  File "/Users/shaikmohammedjabirhussain/Desktop/XIT-RAG/.venv/lib/python3.14/site-packages/qdrant_client/qdrant_client.py", line 387, in search
    return self._client.search(
           ~~~~~~~~~~~~~~~~~~~^
        collection_name=collection_name,
        ^^^^^^^^^^^^^^^^^^^^^^^^^^^^^^^^
    ...<12 lines>...
        **kwargs,
        ^^^^^^^^^
    )
    ^
  File "/Users/shaikmohammedjabirhussain/Desktop/XIT-RAG/.venv/lib/python3.14/site-packages/qdrant_client/qdrant_remote.py", line 563, in search
    search_result = self.http.points_api.search_points(
        collection_name=collection_name,
    ...<12 lines>...
        ),
    )
  File "/Users/shaikmohammedjabirhussain/Desktop/XIT-RAG/.venv/lib/python3.14/site-packages/qdrant_client/http/api/points_api.py", line 1616, in search_points
    return self._build_for_search_points(
           ~~~~~~~~~~~~~~~~~~~~~~~~~~~~~^
        collection_name=collection_name,
        ^^^^^^^^^^^^^^^^^^^^^^^^^^^^^^^^
    ...<2 lines>...
        search_request=search_request,
        ^^^^^^^^^^^^^^^^^^^^^^^^^^^^^^
    )
    ^
  File "/Users/shaikmohammedjabirhussain/Desktop/XIT-RAG/.venv/lib/python3.14/site-packages/qdrant_client/http/api/points_api.py", line 750, in _build_for_search_points
    return self.api_client.request(
           ~~~~~~~~~~~~~~~~~~~~~~~^
        type_=m.InlineResponse20016,
        ^^^^^^^^^^^^^^^^^^^^^^^^^^^^
    ...<5 lines>...
        content=body,
        ^^^^^^^^^^^^^
    )
    ^
  File "/Users/shaikmohammedjabirhussain/Desktop/XIT-RAG/.venv/lib/python3.14/site-packages/qdrant_client/http/api_client.py", line 79, in request
    return self.send(request, type_)
           ~~~~~~~~~^^^^^^^^^^^^^^^^
  File "/Users/shaikmohammedjabirhussain/Desktop/XIT-RAG/.venv/lib/python3.14/site-packages/qdrant_client/http/api_client.py", line 102, in send
    raise UnexpectedResponse.for_response(response)
qdrant_client.http.exceptions.UnexpectedResponse: Unexpected Response: 404 (Not Found)
Raw response content:
b'404 page not found\n'
[2026-05-01 22:14:42] [INFO] [request] ← POST /query | status=200 | total=256.6ms
[2026-05-01 22:14:43] [INFO] [request] → POST /query
[2026-05-01 22:14:43] [INFO] [query_handler] [594556] [1/8] sanitize_query | query=What are all the compliance frameworks in the system? |0.0ms
[2026-05-01 22:14:43] [INFO] [query_handler] [594556] [2/8] get_embedding | 10.6ms
[2026-05-01 22:14:43] [INFO] [query_handler] SemanticRouter | building intent centroids ...
[2026-05-01 22:14:44] [INFO] [query_handler] SemanticRouter | centroids ready.
[2026-05-01 22:14:44] [INFO] [query_handler] [594556] semantic_route | route=schema | schema_score=0.3009 | irs_score=0.2024
[2026-05-01 22:14:44] [INFO] [query_handler] [594556] route | collection=schema | is_schema=True
[2026-05-01 22:14:44] [ERROR] [query_handler] [594556] ✗ handle_query failed (Unknown Error) | total=532.3ms | error=Unexpected Response: 404 (Not Found)
Raw response content:
b'404 page not found\n'
Traceback (most recent call last):
  File "/Users/shaikmohammedjabirhussain/Desktop/XIT-RAG/handlers/rag_handlers/query_handler.py", line 346, in handle_query
    chunks = self.retrieval_service.retrieve(
        target_collection,
    ...<3 lines>...
        filters,
    )
  File "/Users/shaikmohammedjabirhussain/Desktop/XIT-RAG/services/rag_services/retrieval_service.py", line 71, in retrieve
    hits = self.qdrant_service.search(
        collection_name=collection,
    ...<3 lines>...
        query_filter=query_filter,
    )
  File "/Users/shaikmohammedjabirhussain/Desktop/XIT-RAG/services/rag_services/qdrant_service.py", line 67, in search
    return self.client.search(
           ~~~~~~~~~~~~~~~~~~^
        collection_name=collection_name,
        ^^^^^^^^^^^^^^^^^^^^^^^^^^^^^^^^
    ...<3 lines>...
        query_filter=query_filter,
        ^^^^^^^^^^^^^^^^^^^^^^^^^^
    )
    ^
  File "/Users/shaikmohammedjabirhussain/Desktop/XIT-RAG/.venv/lib/python3.14/site-packages/qdrant_client/qdrant_client.py", line 387, in search
    return self._client.search(
           ~~~~~~~~~~~~~~~~~~~^
        collection_name=collection_name,
        ^^^^^^^^^^^^^^^^^^^^^^^^^^^^^^^^
    ...<12 lines>...
        **kwargs,
        ^^^^^^^^^
    )
    ^
  File "/Users/shaikmohammedjabirhussain/Desktop/XIT-RAG/.venv/lib/python3.14/site-packages/qdrant_client/qdrant_remote.py", line 563, in search
    search_result = self.http.points_api.search_points(
        collection_name=collection_name,
    ...<12 lines>...
        ),
    )
  File "/Users/shaikmohammedjabirhussain/Desktop/XIT-RAG/.venv/lib/python3.14/site-packages/qdrant_client/http/api/points_api.py", line 1616, in search_points
    return self._build_for_search_points(
           ~~~~~~~~~~~~~~~~~~~~~~~~~~~~~^
        collection_name=collection_name,
        ^^^^^^^^^^^^^^^^^^^^^^^^^^^^^^^^
    ...<2 lines>...
        search_request=search_request,
        ^^^^^^^^^^^^^^^^^^^^^^^^^^^^^^
    )
    ^
  File "/Users/shaikmohammedjabirhussain/Desktop/XIT-RAG/.venv/lib/python3.14/site-packages/qdrant_client/http/api/points_api.py", line 750, in _build_for_search_points
    return self.api_client.request(
           ~~~~~~~~~~~~~~~~~~~~~~~^
        type_=m.InlineResponse20016,
        ^^^^^^^^^^^^^^^^^^^^^^^^^^^^
    ...<5 lines>...
        content=body,
        ^^^^^^^^^^^^^
    )
    ^
  File "/Users/shaikmohammedjabirhussain/Desktop/XIT-RAG/.venv/lib/python3.14/site-packages/qdrant_client/http/api_client.py", line 79, in request
    return self.send(request, type_)
           ~~~~~~~~~^^^^^^^^^^^^^^^^
  File "/Users/shaikmohammedjabirhussain/Desktop/XIT-RAG/.venv/lib/python3.14/site-packages/qdrant_client/http/api_client.py", line 102, in send
    raise UnexpectedResponse.for_response(response)
qdrant_client.http.exceptions.UnexpectedResponse: Unexpected Response: 404 (Not Found)
Raw response content:
b'404 page not found\n'
[2026-05-01 22:14:44] [INFO] [request] ← POST /query | status=200 | total=538.7ms
[2026-05-01 22:14:45] [INFO] [request] → POST /query
[2026-05-01 22:14:45] [INFO] [query_handler] [0fd1a7] [1/8] sanitize_query | query=How many risks are open vs mitigated? Give me the count for each status. |0.0ms
[2026-05-01 22:14:45] [INFO] [query_handler] [0fd1a7] [2/8] get_embedding | 12.6ms
[2026-05-01 22:14:45] [INFO] [query_handler] [0fd1a7] adaptive_top_k | schema=True | top_k=30
[2026-05-01 22:14:45] [INFO] [query_handler] [0fd1a7] keyword_route | schema=True (keyword/regex match)
[2026-05-01 22:14:45] [INFO] [query_handler] [0fd1a7] route | collection=schema | is_schema=True
[2026-05-01 22:14:46] [ERROR] [query_handler] [0fd1a7] ✗ handle_query failed (Unknown Error) | total=252.8ms | error=Unexpected Response: 404 (Not Found)
Raw response content:
b'404 page not found\n'
Traceback (most recent call last):
  File "/Users/shaikmohammedjabirhussain/Desktop/XIT-RAG/handlers/rag_handlers/query_handler.py", line 346, in handle_query
    chunks = self.retrieval_service.retrieve(
        target_collection,
    ...<3 lines>...
        filters,
    )
  File "/Users/shaikmohammedjabirhussain/Desktop/XIT-RAG/services/rag_services/retrieval_service.py", line 71, in retrieve
    hits = self.qdrant_service.search(
        collection_name=collection,
    ...<3 lines>...
        query_filter=query_filter,
    )
  File "/Users/shaikmohammedjabirhussain/Desktop/XIT-RAG/services/rag_services/qdrant_service.py", line 67, in search
    return self.client.search(
           ~~~~~~~~~~~~~~~~~~^
        collection_name=collection_name,
        ^^^^^^^^^^^^^^^^^^^^^^^^^^^^^^^^
    ...<3 lines>...
        query_filter=query_filter,
        ^^^^^^^^^^^^^^^^^^^^^^^^^^
    )
    ^
  File "/Users/shaikmohammedjabirhussain/Desktop/XIT-RAG/.venv/lib/python3.14/site-packages/qdrant_client/qdrant_client.py", line 387, in search
    return self._client.search(
           ~~~~~~~~~~~~~~~~~~~^
        collection_name=collection_name,
        ^^^^^^^^^^^^^^^^^^^^^^^^^^^^^^^^
    ...<12 lines>...
        **kwargs,
        ^^^^^^^^^
    )
    ^
  File "/Users/shaikmohammedjabirhussain/Desktop/XIT-RAG/.venv/lib/python3.14/site-packages/qdrant_client/qdrant_remote.py", line 563, in search
    search_result = self.http.points_api.search_points(
        collection_name=collection_name,
    ...<12 lines>...
        ),
    )
  File "/Users/shaikmohammedjabirhussain/Desktop/XIT-RAG/.venv/lib/python3.14/site-packages/qdrant_client/http/api/points_api.py", line 1616, in search_points
    return self._build_for_search_points(
           ~~~~~~~~~~~~~~~~~~~~~~~~~~~~~^
        collection_name=collection_name,
        ^^^^^^^^^^^^^^^^^^^^^^^^^^^^^^^^
    ...<2 lines>...
        search_request=search_request,
        ^^^^^^^^^^^^^^^^^^^^^^^^^^^^^^
    )
    ^
  File "/Users/shaikmohammedjabirhussain/Desktop/XIT-RAG/.venv/lib/python3.14/site-packages/qdrant_client/http/api/points_api.py", line 750, in _build_for_search_points
    return self.api_client.request(
           ~~~~~~~~~~~~~~~~~~~~~~~^
        type_=m.InlineResponse20016,
        ^^^^^^^^^^^^^^^^^^^^^^^^^^^^
    ...<5 lines>...
        content=body,
        ^^^^^^^^^^^^^
    )
    ^
  File "/Users/shaikmohammedjabirhussain/Desktop/XIT-RAG/.venv/lib/python3.14/site-packages/qdrant_client/http/api_client.py", line 79, in request
    return self.send(request, type_)
           ~~~~~~~~~^^^^^^^^^^^^^^^^
  File "/Users/shaikmohammedjabirhussain/Desktop/XIT-RAG/.venv/lib/python3.14/site-packages/qdrant_client/http/api_client.py", line 102, in send
    raise UnexpectedResponse.for_response(response)
qdrant_client.http.exceptions.UnexpectedResponse: Unexpected Response: 404 (Not Found)
Raw response content:
b'404 page not found\n'
[2026-05-01 22:14:46] [INFO] [request] ← POST /query | status=200 | total=259.0ms
[2026-05-01 22:14:47] [INFO] [request] → POST /query
[2026-05-01 22:14:47] [INFO] [query_handler] [8a8590] [1/8] sanitize_query | query=What is the distribution of policies by status (draft, published, archived)? |0.0ms
[2026-05-01 22:14:47] [INFO] [query_handler] [8a8590] [2/8] get_embedding | 11.9ms
[2026-05-01 22:14:47] [INFO] [query_handler] [8a8590] adaptive_top_k | schema=True | top_k=30
[2026-05-01 22:14:47] [INFO] [query_handler] [8a8590] keyword_route | schema=True (keyword/regex match)
[2026-05-01 22:14:47] [INFO] [query_handler] [8a8590] route | collection=schema | is_schema=True
[2026-05-01 22:14:47] [ERROR] [query_handler] [8a8590] ✗ handle_query failed (Unknown Error) | total=287.4ms | error=Unexpected Response: 404 (Not Found)
Raw response content:
b'404 page not found\n'
Traceback (most recent call last):
  File "/Users/shaikmohammedjabirhussain/Desktop/XIT-RAG/handlers/rag_handlers/query_handler.py", line 346, in handle_query
    chunks = self.retrieval_service.retrieve(
        target_collection,
    ...<3 lines>...
        filters,
    )
  File "/Users/shaikmohammedjabirhussain/Desktop/XIT-RAG/services/rag_services/retrieval_service.py", line 71, in retrieve
    hits = self.qdrant_service.search(
        collection_name=collection,
    ...<3 lines>...
        query_filter=query_filter,
    )
  File "/Users/shaikmohammedjabirhussain/Desktop/XIT-RAG/services/rag_services/qdrant_service.py", line 67, in search
    return self.client.search(
           ~~~~~~~~~~~~~~~~~~^
        collection_name=collection_name,
        ^^^^^^^^^^^^^^^^^^^^^^^^^^^^^^^^
    ...<3 lines>...
        query_filter=query_filter,
        ^^^^^^^^^^^^^^^^^^^^^^^^^^
    )
    ^
  File "/Users/shaikmohammedjabirhussain/Desktop/XIT-RAG/.venv/lib/python3.14/site-packages/qdrant_client/qdrant_client.py", line 387, in search
    return self._client.search(
           ~~~~~~~~~~~~~~~~~~~^
        collection_name=collection_name,
        ^^^^^^^^^^^^^^^^^^^^^^^^^^^^^^^^
    ...<12 lines>...
        **kwargs,
        ^^^^^^^^^
    )
    ^
  File "/Users/shaikmohammedjabirhussain/Desktop/XIT-RAG/.venv/lib/python3.14/site-packages/qdrant_client/qdrant_remote.py", line 563, in search
    search_result = self.http.points_api.search_points(
        collection_name=collection_name,
    ...<12 lines>...
        ),
    )
  File "/Users/shaikmohammedjabirhussain/Desktop/XIT-RAG/.venv/lib/python3.14/site-packages/qdrant_client/http/api/points_api.py", line 1616, in search_points
    return self._build_for_search_points(
           ~~~~~~~~~~~~~~~~~~~~~~~~~~~~~^
        collection_name=collection_name,
        ^^^^^^^^^^^^^^^^^^^^^^^^^^^^^^^^
    ...<2 lines>...
        search_request=search_request,
        ^^^^^^^^^^^^^^^^^^^^^^^^^^^^^^
    )
    ^
  File "/Users/shaikmohammedjabirhussain/Desktop/XIT-RAG/.venv/lib/python3.14/site-packages/qdrant_client/http/api/points_api.py", line 750, in _build_for_search_points
    return self.api_client.request(
           ~~~~~~~~~~~~~~~~~~~~~~~^
        type_=m.InlineResponse20016,
        ^^^^^^^^^^^^^^^^^^^^^^^^^^^^
    ...<5 lines>...
        content=body,
        ^^^^^^^^^^^^^
    )
    ^
  File "/Users/shaikmohammedjabirhussain/Desktop/XIT-RAG/.venv/lib/python3.14/site-packages/qdrant_client/http/api_client.py", line 79, in request
    return self.send(request, type_)
           ~~~~~~~~~^^^^^^^^^^^^^^^^
  File "/Users/shaikmohammedjabirhussain/Desktop/XIT-RAG/.venv/lib/python3.14/site-packages/qdrant_client/http/api_client.py", line 102, in send
    raise UnexpectedResponse.for_response(response)
qdrant_client.http.exceptions.UnexpectedResponse: Unexpected Response: 404 (Not Found)
Raw response content:
b'404 page not found\n'
[2026-05-01 22:14:47] [INFO] [request] ← POST /query | status=200 | total=291.9ms
[2026-05-01 22:14:49] [INFO] [request] → POST /query
[2026-05-01 22:14:49] [INFO] [query_handler] [b09b6b] [1/8] sanitize_query | query=How many controls are there per framework? |0.0ms
[2026-05-01 22:14:49] [INFO] [query_handler] [b09b6b] [2/8] get_embedding | 11.0ms
[2026-05-01 22:14:49] [INFO] [query_handler] [b09b6b] adaptive_top_k | schema=True | top_k=30
[2026-05-01 22:14:49] [INFO] [query_handler] [b09b6b] keyword_route | schema=True (keyword/regex match)
[2026-05-01 22:14:49] [INFO] [query_handler] [b09b6b] route | collection=schema | is_schema=True
[2026-05-01 22:14:49] [ERROR] [query_handler] [b09b6b] ✗ handle_query failed (Unknown Error) | total=331.8ms | error=Unexpected Response: 404 (Not Found)
Raw response content:
b'404 page not found\n'
Traceback (most recent call last):
  File "/Users/shaikmohammedjabirhussain/Desktop/XIT-RAG/handlers/rag_handlers/query_handler.py", line 346, in handle_query
    chunks = self.retrieval_service.retrieve(
        target_collection,
    ...<3 lines>...
        filters,
    )
  File "/Users/shaikmohammedjabirhussain/Desktop/XIT-RAG/services/rag_services/retrieval_service.py", line 71, in retrieve
    hits = self.qdrant_service.search(
        collection_name=collection,
    ...<3 lines>...
        query_filter=query_filter,
    )
  File "/Users/shaikmohammedjabirhussain/Desktop/XIT-RAG/services/rag_services/qdrant_service.py", line 67, in search
    return self.client.search(
           ~~~~~~~~~~~~~~~~~~^
        collection_name=collection_name,
        ^^^^^^^^^^^^^^^^^^^^^^^^^^^^^^^^
    ...<3 lines>...
        query_filter=query_filter,
        ^^^^^^^^^^^^^^^^^^^^^^^^^^
    )
    ^
  File "/Users/shaikmohammedjabirhussain/Desktop/XIT-RAG/.venv/lib/python3.14/site-packages/qdrant_client/qdrant_client.py", line 387, in search
    return self._client.search(
           ~~~~~~~~~~~~~~~~~~~^
        collection_name=collection_name,
        ^^^^^^^^^^^^^^^^^^^^^^^^^^^^^^^^
    ...<12 lines>...
        **kwargs,
        ^^^^^^^^^
    )
    ^
  File "/Users/shaikmohammedjabirhussain/Desktop/XIT-RAG/.venv/lib/python3.14/site-packages/qdrant_client/qdrant_remote.py", line 563, in search
    search_result = self.http.points_api.search_points(
        collection_name=collection_name,
    ...<12 lines>...
        ),
    )
  File "/Users/shaikmohammedjabirhussain/Desktop/XIT-RAG/.venv/lib/python3.14/site-packages/qdrant_client/http/api/points_api.py", line 1616, in search_points
    return self._build_for_search_points(
           ~~~~~~~~~~~~~~~~~~~~~~~~~~~~~^
        collection_name=collection_name,
        ^^^^^^^^^^^^^^^^^^^^^^^^^^^^^^^^
    ...<2 lines>...
        search_request=search_request,
        ^^^^^^^^^^^^^^^^^^^^^^^^^^^^^^
    )
    ^
  File "/Users/shaikmohammedjabirhussain/Desktop/XIT-RAG/.venv/lib/python3.14/site-packages/qdrant_client/http/api/points_api.py", line 750, in _build_for_search_points
    return self.api_client.request(
           ~~~~~~~~~~~~~~~~~~~~~~~^
        type_=m.InlineResponse20016,
        ^^^^^^^^^^^^^^^^^^^^^^^^^^^^
    ...<5 lines>...
        content=body,
        ^^^^^^^^^^^^^
    )
    ^
  File "/Users/shaikmohammedjabirhussain/Desktop/XIT-RAG/.venv/lib/python3.14/site-packages/qdrant_client/http/api_client.py", line 79, in request
    return self.send(request, type_)
           ~~~~~~~~~^^^^^^^^^^^^^^^^
  File "/Users/shaikmohammedjabirhussain/Desktop/XIT-RAG/.venv/lib/python3.14/site-packages/qdrant_client/http/api_client.py", line 102, in send
    raise UnexpectedResponse.for_response(response)
qdrant_client.http.exceptions.UnexpectedResponse: Unexpected Response: 404 (Not Found)
Raw response content:
b'404 page not found\n'
[2026-05-01 22:14:49] [INFO] [request] ← POST /query | status=200 | total=337.4ms
[2026-05-01 22:14:51] [INFO] [request] → POST /query
[2026-05-01 22:14:51] [INFO] [query_handler] [cfddfc] [1/8] sanitize_query | query=Show me all findings along with their associated audit details. |0.0ms
[2026-05-01 22:14:51] [INFO] [query_handler] [cfddfc] [2/8] get_embedding | 12.8ms
[2026-05-01 22:14:51] [INFO] [query_handler] [cfddfc] adaptive_top_k | schema=True | top_k=30
[2026-05-01 22:14:51] [INFO] [query_handler] [cfddfc] keyword_route | schema=True (keyword/regex match)
[2026-05-01 22:14:51] [INFO] [query_handler] [cfddfc] route | collection=schema | is_schema=True
[2026-05-01 22:14:51] [ERROR] [query_handler] [cfddfc] ✗ handle_query failed (Unknown Error) | total=307.2ms | error=Unexpected Response: 404 (Not Found)
Raw response content:
b'404 page not found\n'
Traceback (most recent call last):
  File "/Users/shaikmohammedjabirhussain/Desktop/XIT-RAG/handlers/rag_handlers/query_handler.py", line 346, in handle_query
    chunks = self.retrieval_service.retrieve(
        target_collection,
    ...<3 lines>...
        filters,
    )
  File "/Users/shaikmohammedjabirhussain/Desktop/XIT-RAG/services/rag_services/retrieval_service.py", line 71, in retrieve
    hits = self.qdrant_service.search(
        collection_name=collection,
    ...<3 lines>...
        query_filter=query_filter,
    )
  File "/Users/shaikmohammedjabirhussain/Desktop/XIT-RAG/services/rag_services/qdrant_service.py", line 67, in search
    return self.client.search(
           ~~~~~~~~~~~~~~~~~~^
        collection_name=collection_name,
        ^^^^^^^^^^^^^^^^^^^^^^^^^^^^^^^^
    ...<3 lines>...
        query_filter=query_filter,
        ^^^^^^^^^^^^^^^^^^^^^^^^^^
    )
    ^
  File "/Users/shaikmohammedjabirhussain/Desktop/XIT-RAG/.venv/lib/python3.14/site-packages/qdrant_client/qdrant_client.py", line 387, in search
    return self._client.search(
           ~~~~~~~~~~~~~~~~~~~^
        collection_name=collection_name,
        ^^^^^^^^^^^^^^^^^^^^^^^^^^^^^^^^
    ...<12 lines>...
        **kwargs,
        ^^^^^^^^^
    )
    ^
  File "/Users/shaikmohammedjabirhussain/Desktop/XIT-RAG/.venv/lib/python3.14/site-packages/qdrant_client/qdrant_remote.py", line 563, in search
    search_result = self.http.points_api.search_points(
        collection_name=collection_name,
    ...<12 lines>...
        ),
    )
  File "/Users/shaikmohammedjabirhussain/Desktop/XIT-RAG/.venv/lib/python3.14/site-packages/qdrant_client/http/api/points_api.py", line 1616, in search_points
    return self._build_for_search_points(
           ~~~~~~~~~~~~~~~~~~~~~~~~~~~~~^
        collection_name=collection_name,
        ^^^^^^^^^^^^^^^^^^^^^^^^^^^^^^^^
    ...<2 lines>...
        search_request=search_request,
        ^^^^^^^^^^^^^^^^^^^^^^^^^^^^^^
    )
    ^
  File "/Users/shaikmohammedjabirhussain/Desktop/XIT-RAG/.venv/lib/python3.14/site-packages/qdrant_client/http/api/points_api.py", line 750, in _build_for_search_points
    return self.api_client.request(
           ~~~~~~~~~~~~~~~~~~~~~~~^
        type_=m.InlineResponse20016,
        ^^^^^^^^^^^^^^^^^^^^^^^^^^^^
    ...<5 lines>...
        content=body,
        ^^^^^^^^^^^^^
    )
    ^
  File "/Users/shaikmohammedjabirhussain/Desktop/XIT-RAG/.venv/lib/python3.14/site-packages/qdrant_client/http/api_client.py", line 79, in request
    return self.send(request, type_)
           ~~~~~~~~~^^^^^^^^^^^^^^^^
  File "/Users/shaikmohammedjabirhussain/Desktop/XIT-RAG/.venv/lib/python3.14/site-packages/qdrant_client/http/api_client.py", line 102, in send
    raise UnexpectedResponse.for_response(response)
qdrant_client.http.exceptions.UnexpectedResponse: Unexpected Response: 404 (Not Found)
Raw response content:
b'404 page not found\n'
[2026-05-01 22:14:51] [INFO] [request] ← POST /query | status=200 | total=314.4ms
[2026-05-01 22:14:53] [INFO] [request] → POST /query
[2026-05-01 22:14:53] [INFO] [query_handler] [376f53] [1/8] sanitize_query | query=Which users are assigned to which organizations? |0.0ms
[2026-05-01 22:14:53] [INFO] [query_handler] [376f53] [2/8] get_embedding | 12.2ms
[2026-05-01 22:14:53] [INFO] [query_handler] [376f53] adaptive_top_k | schema=True | top_k=30
[2026-05-01 22:14:53] [INFO] [query_handler] [376f53] keyword_route | schema=True (keyword/regex match)
[2026-05-01 22:14:53] [INFO] [query_handler] [376f53] route | collection=schema | is_schema=True
[2026-05-01 22:14:53] [ERROR] [query_handler] [376f53] ✗ handle_query failed (Unknown Error) | total=670.1ms | error=Unexpected Response: 404 (Not Found)
Raw response content:
b'404 page not found\n'
Traceback (most recent call last):
  File "/Users/shaikmohammedjabirhussain/Desktop/XIT-RAG/handlers/rag_handlers/query_handler.py", line 346, in handle_query
    chunks = self.retrieval_service.retrieve(
        target_collection,
    ...<3 lines>...
        filters,
    )
  File "/Users/shaikmohammedjabirhussain/Desktop/XIT-RAG/services/rag_services/retrieval_service.py", line 71, in retrieve
    hits = self.qdrant_service.search(
        collection_name=collection,
    ...<3 lines>...
        query_filter=query_filter,
    )
  File "/Users/shaikmohammedjabirhussain/Desktop/XIT-RAG/services/rag_services/qdrant_service.py", line 67, in search
    return self.client.search(
           ~~~~~~~~~~~~~~~~~~^
        collection_name=collection_name,
        ^^^^^^^^^^^^^^^^^^^^^^^^^^^^^^^^
    ...<3 lines>...
        query_filter=query_filter,
        ^^^^^^^^^^^^^^^^^^^^^^^^^^
    )
    ^
  File "/Users/shaikmohammedjabirhussain/Desktop/XIT-RAG/.venv/lib/python3.14/site-packages/qdrant_client/qdrant_client.py", line 387, in search
    return self._client.search(
           ~~~~~~~~~~~~~~~~~~~^
        collection_name=collection_name,
        ^^^^^^^^^^^^^^^^^^^^^^^^^^^^^^^^
    ...<12 lines>...
        **kwargs,
        ^^^^^^^^^
    )
    ^
  File "/Users/shaikmohammedjabirhussain/Desktop/XIT-RAG/.venv/lib/python3.14/site-packages/qdrant_client/qdrant_remote.py", line 563, in search
    search_result = self.http.points_api.search_points(
        collection_name=collection_name,
    ...<12 lines>...
        ),
    )
  File "/Users/shaikmohammedjabirhussain/Desktop/XIT-RAG/.venv/lib/python3.14/site-packages/qdrant_client/http/api/points_api.py", line 1616, in search_points
    return self._build_for_search_points(
           ~~~~~~~~~~~~~~~~~~~~~~~~~~~~~^
        collection_name=collection_name,
        ^^^^^^^^^^^^^^^^^^^^^^^^^^^^^^^^
    ...<2 lines>...
        search_request=search_request,
        ^^^^^^^^^^^^^^^^^^^^^^^^^^^^^^
    )
    ^
  File "/Users/shaikmohammedjabirhussain/Desktop/XIT-RAG/.venv/lib/python3.14/site-packages/qdrant_client/http/api/points_api.py", line 750, in _build_for_search_points
    return self.api_client.request(
           ~~~~~~~~~~~~~~~~~~~~~~~^
        type_=m.InlineResponse20016,
        ^^^^^^^^^^^^^^^^^^^^^^^^^^^^
    ...<5 lines>...
        content=body,
        ^^^^^^^^^^^^^
    )
    ^
  File "/Users/shaikmohammedjabirhussain/Desktop/XIT-RAG/.venv/lib/python3.14/site-packages/qdrant_client/http/api_client.py", line 79, in request
    return self.send(request, type_)
           ~~~~~~~~~^^^^^^^^^^^^^^^^
  File "/Users/shaikmohammedjabirhussain/Desktop/XIT-RAG/.venv/lib/python3.14/site-packages/qdrant_client/http/api_client.py", line 102, in send
    raise UnexpectedResponse.for_response(response)
qdrant_client.http.exceptions.UnexpectedResponse: Unexpected Response: 404 (Not Found)
Raw response content:
b'404 page not found\n'
[2026-05-01 22:14:53] [INFO] [request] ← POST /query | status=200 | total=677.4ms
[2026-05-01 22:14:55] [INFO] [request] → POST /query
[2026-05-01 22:14:55] [INFO] [query_handler] [16294c] [1/8] sanitize_query | query=List all risks along with their associated policies and risk scores. |0.0ms
[2026-05-01 22:14:55] [INFO] [query_handler] [16294c] [2/8] get_embedding | 11.2ms
[2026-05-01 22:14:55] [INFO] [query_handler] [16294c] adaptive_top_k | schema=True | top_k=30
[2026-05-01 22:14:55] [INFO] [query_handler] [16294c] keyword_route | schema=True (keyword/regex match)
[2026-05-01 22:14:55] [INFO] [query_handler] [16294c] route | collection=schema | is_schema=True
[2026-05-01 22:14:56] [ERROR] [query_handler] [16294c] ✗ handle_query failed (Unknown Error) | total=754.8ms | error=Unexpected Response: 404 (Not Found)
Raw response content:
b'404 page not found\n'
Traceback (most recent call last):
  File "/Users/shaikmohammedjabirhussain/Desktop/XIT-RAG/handlers/rag_handlers/query_handler.py", line 346, in handle_query
    chunks = self.retrieval_service.retrieve(
        target_collection,
    ...<3 lines>...
        filters,
    )
  File "/Users/shaikmohammedjabirhussain/Desktop/XIT-RAG/services/rag_services/retrieval_service.py", line 71, in retrieve
    hits = self.qdrant_service.search(
        collection_name=collection,
    ...<3 lines>...
        query_filter=query_filter,
    )
  File "/Users/shaikmohammedjabirhussain/Desktop/XIT-RAG/services/rag_services/qdrant_service.py", line 67, in search
    return self.client.search(
           ~~~~~~~~~~~~~~~~~~^
        collection_name=collection_name,
        ^^^^^^^^^^^^^^^^^^^^^^^^^^^^^^^^
    ...<3 lines>...
        query_filter=query_filter,
        ^^^^^^^^^^^^^^^^^^^^^^^^^^
    )
    ^
  File "/Users/shaikmohammedjabirhussain/Desktop/XIT-RAG/.venv/lib/python3.14/site-packages/qdrant_client/qdrant_client.py", line 387, in search
    return self._client.search(
           ~~~~~~~~~~~~~~~~~~~^
        collection_name=collection_name,
        ^^^^^^^^^^^^^^^^^^^^^^^^^^^^^^^^
    ...<12 lines>...
        **kwargs,
        ^^^^^^^^^
    )
    ^
  File "/Users/shaikmohammedjabirhussain/Desktop/XIT-RAG/.venv/lib/python3.14/site-packages/qdrant_client/qdrant_remote.py", line 563, in search
    search_result = self.http.points_api.search_points(
        collection_name=collection_name,
    ...<12 lines>...
        ),
    )
  File "/Users/shaikmohammedjabirhussain/Desktop/XIT-RAG/.venv/lib/python3.14/site-packages/qdrant_client/http/api/points_api.py", line 1616, in search_points
    return self._build_for_search_points(
           ~~~~~~~~~~~~~~~~~~~~~~~~~~~~~^
        collection_name=collection_name,
        ^^^^^^^^^^^^^^^^^^^^^^^^^^^^^^^^
    ...<2 lines>...
        search_request=search_request,
        ^^^^^^^^^^^^^^^^^^^^^^^^^^^^^^
    )
    ^
  File "/Users/shaikmohammedjabirhussain/Desktop/XIT-RAG/.venv/lib/python3.14/site-packages/qdrant_client/http/api/points_api.py", line 750, in _build_for_search_points
    return self.api_client.request(
           ~~~~~~~~~~~~~~~~~~~~~~~^
        type_=m.InlineResponse20016,
        ^^^^^^^^^^^^^^^^^^^^^^^^^^^^
    ...<5 lines>...
        content=body,
        ^^^^^^^^^^^^^
    )
    ^
  File "/Users/shaikmohammedjabirhussain/Desktop/XIT-RAG/.venv/lib/python3.14/site-packages/qdrant_client/http/api_client.py", line 79, in request
    return self.send(request, type_)
           ~~~~~~~~~^^^^^^^^^^^^^^^^
  File "/Users/shaikmohammedjabirhussain/Desktop/XIT-RAG/.venv/lib/python3.14/site-packages/qdrant_client/http/api_client.py", line 102, in send
    raise UnexpectedResponse.for_response(response)
qdrant_client.http.exceptions.UnexpectedResponse: Unexpected Response: 404 (Not Found)
Raw response content:
b'404 page not found\n'
[2026-05-01 22:14:56] [INFO] [request] ← POST /query | status=200 | total=761.1ms
[2026-05-01 22:14:57] [INFO] [request] → POST /query
[2026-05-01 22:14:57] [INFO] [query_handler] [9bc827] [1/8] sanitize_query | query=Show me all high-risk items — where the risk score is above 7. |0.0ms
[2026-05-01 22:14:57] [INFO] [query_handler] [9bc827] [2/8] get_embedding | 11.2ms
[2026-05-01 22:14:57] [INFO] [query_handler] [9bc827] adaptive_top_k | schema=True | top_k=30
[2026-05-01 22:14:57] [INFO] [query_handler] [9bc827] keyword_route | schema=True (keyword/regex match)
[2026-05-01 22:14:57] [INFO] [query_handler] [9bc827] route | collection=schema | is_schema=True
[2026-05-01 22:14:57] [ERROR] [query_handler] [9bc827] ✗ handle_query failed (Unknown Error) | total=258.2ms | error=Unexpected Response: 404 (Not Found)
Raw response content:
b'404 page not found\n'
Traceback (most recent call last):
  File "/Users/shaikmohammedjabirhussain/Desktop/XIT-RAG/handlers/rag_handlers/query_handler.py", line 346, in handle_query
    chunks = self.retrieval_service.retrieve(
        target_collection,
    ...<3 lines>...
        filters,
    )
  File "/Users/shaikmohammedjabirhussain/Desktop/XIT-RAG/services/rag_services/retrieval_service.py", line 71, in retrieve
    hits = self.qdrant_service.search(
        collection_name=collection,
    ...<3 lines>...
        query_filter=query_filter,
    )
  File "/Users/shaikmohammedjabirhussain/Desktop/XIT-RAG/services/rag_services/qdrant_service.py", line 67, in search
    return self.client.search(
           ~~~~~~~~~~~~~~~~~~^
        collection_name=collection_name,
        ^^^^^^^^^^^^^^^^^^^^^^^^^^^^^^^^
    ...<3 lines>...
        query_filter=query_filter,
        ^^^^^^^^^^^^^^^^^^^^^^^^^^
    )
    ^
  File "/Users/shaikmohammedjabirhussain/Desktop/XIT-RAG/.venv/lib/python3.14/site-packages/qdrant_client/qdrant_client.py", line 387, in search
    return self._client.search(
           ~~~~~~~~~~~~~~~~~~~^
        collection_name=collection_name,
        ^^^^^^^^^^^^^^^^^^^^^^^^^^^^^^^^
    ...<12 lines>...
        **kwargs,
        ^^^^^^^^^
    )
    ^
  File "/Users/shaikmohammedjabirhussain/Desktop/XIT-RAG/.venv/lib/python3.14/site-packages/qdrant_client/qdrant_remote.py", line 563, in search
    search_result = self.http.points_api.search_points(
        collection_name=collection_name,
    ...<12 lines>...
        ),
    )
  File "/Users/shaikmohammedjabirhussain/Desktop/XIT-RAG/.venv/lib/python3.14/site-packages/qdrant_client/http/api/points_api.py", line 1616, in search_points
    return self._build_for_search_points(
           ~~~~~~~~~~~~~~~~~~~~~~~~~~~~~^
        collection_name=collection_name,
        ^^^^^^^^^^^^^^^^^^^^^^^^^^^^^^^^
    ...<2 lines>...
        search_request=search_request,
        ^^^^^^^^^^^^^^^^^^^^^^^^^^^^^^
    )
    ^
  File "/Users/shaikmohammedjabirhussain/Desktop/XIT-RAG/.venv/lib/python3.14/site-packages/qdrant_client/http/api/points_api.py", line 750, in _build_for_search_points
    return self.api_client.request(
           ~~~~~~~~~~~~~~~~~~~~~~~^
        type_=m.InlineResponse20016,
        ^^^^^^^^^^^^^^^^^^^^^^^^^^^^
    ...<5 lines>...
        content=body,
        ^^^^^^^^^^^^^
    )
    ^
  File "/Users/shaikmohammedjabirhussain/Desktop/XIT-RAG/.venv/lib/python3.14/site-packages/qdrant_client/http/api_client.py", line 79, in request
    return self.send(request, type_)
           ~~~~~~~~~^^^^^^^^^^^^^^^^
  File "/Users/shaikmohammedjabirhussain/Desktop/XIT-RAG/.venv/lib/python3.14/site-packages/qdrant_client/http/api_client.py", line 102, in send
    raise UnexpectedResponse.for_response(response)
qdrant_client.http.exceptions.UnexpectedResponse: Unexpected Response: 404 (Not Found)
Raw response content:
b'404 page not found\n'
[2026-05-01 22:14:57] [INFO] [request] ← POST /query | status=200 | total=264.1ms
[2026-05-01 22:14:59] [INFO] [request] → POST /query
[2026-05-01 22:14:59] [INFO] [query_handler] [a43e99] [1/8] sanitize_query | query=Which audits have a status of completed or closed? |0.0ms
[2026-05-01 22:14:59] [INFO] [query_handler] [a43e99] [2/8] get_embedding | 12.0ms
[2026-05-01 22:14:59] [INFO] [query_handler] [a43e99] adaptive_top_k | schema=True | top_k=30
[2026-05-01 22:14:59] [INFO] [query_handler] [a43e99] keyword_route | schema=True (keyword/regex match)
[2026-05-01 22:14:59] [INFO] [query_handler] [a43e99] route | collection=schema | is_schema=True
[2026-05-01 22:14:59] [ERROR] [query_handler] [a43e99] ✗ handle_query failed (Unknown Error) | total=411.1ms | error=Unexpected Response: 404 (Not Found)
Raw response content:
b'404 page not found\n'
Traceback (most recent call last):
  File "/Users/shaikmohammedjabirhussain/Desktop/XIT-RAG/handlers/rag_handlers/query_handler.py", line 346, in handle_query
    chunks = self.retrieval_service.retrieve(
        target_collection,
    ...<3 lines>...
        filters,
    )
  File "/Users/shaikmohammedjabirhussain/Desktop/XIT-RAG/services/rag_services/retrieval_service.py", line 71, in retrieve
    hits = self.qdrant_service.search(
        collection_name=collection,
    ...<3 lines>...
        query_filter=query_filter,
    )
  File "/Users/shaikmohammedjabirhussain/Desktop/XIT-RAG/services/rag_services/qdrant_service.py", line 67, in search
    return self.client.search(
           ~~~~~~~~~~~~~~~~~~^
        collection_name=collection_name,
        ^^^^^^^^^^^^^^^^^^^^^^^^^^^^^^^^
    ...<3 lines>...
        query_filter=query_filter,
        ^^^^^^^^^^^^^^^^^^^^^^^^^^
    )
    ^
  File "/Users/shaikmohammedjabirhussain/Desktop/XIT-RAG/.venv/lib/python3.14/site-packages/qdrant_client/qdrant_client.py", line 387, in search
    return self._client.search(
           ~~~~~~~~~~~~~~~~~~~^
        collection_name=collection_name,
        ^^^^^^^^^^^^^^^^^^^^^^^^^^^^^^^^
    ...<12 lines>...
        **kwargs,
        ^^^^^^^^^
    )
    ^
  File "/Users/shaikmohammedjabirhussain/Desktop/XIT-RAG/.venv/lib/python3.14/site-packages/qdrant_client/qdrant_remote.py", line 563, in search
    search_result = self.http.points_api.search_points(
        collection_name=collection_name,
    ...<12 lines>...
        ),
    )
  File "/Users/shaikmohammedjabirhussain/Desktop/XIT-RAG/.venv/lib/python3.14/site-packages/qdrant_client/http/api/points_api.py", line 1616, in search_points
    return self._build_for_search_points(
           ~~~~~~~~~~~~~~~~~~~~~~~~~~~~~^
        collection_name=collection_name,
        ^^^^^^^^^^^^^^^^^^^^^^^^^^^^^^^^
    ...<2 lines>...
        search_request=search_request,
        ^^^^^^^^^^^^^^^^^^^^^^^^^^^^^^
    )
    ^
  File "/Users/shaikmohammedjabirhussain/Desktop/XIT-RAG/.venv/lib/python3.14/site-packages/qdrant_client/http/api/points_api.py", line 750, in _build_for_search_points
    return self.api_client.request(
           ~~~~~~~~~~~~~~~~~~~~~~~^
        type_=m.InlineResponse20016,
        ^^^^^^^^^^^^^^^^^^^^^^^^^^^^
    ...<5 lines>...
        content=body,
        ^^^^^^^^^^^^^
    )
    ^
  File "/Users/shaikmohammedjabirhussain/Desktop/XIT-RAG/.venv/lib/python3.14/site-packages/qdrant_client/http/api_client.py", line 79, in request
    return self.send(request, type_)
           ~~~~~~~~~^^^^^^^^^^^^^^^^
  File "/Users/shaikmohammedjabirhussain/Desktop/XIT-RAG/.venv/lib/python3.14/site-packages/qdrant_client/http/api_client.py", line 102, in send
    raise UnexpectedResponse.for_response(response)
qdrant_client.http.exceptions.UnexpectedResponse: Unexpected Response: 404 (Not Found)
Raw response content:
b'404 page not found\n'
[2026-05-01 22:14:59] [INFO] [request] ← POST /query | status=200 | total=417.7ms
[2026-05-01 22:15:01] [INFO] [request] → POST /query
[2026-05-01 22:15:01] [INFO] [query_handler] [b7b045] [1/8] sanitize_query | query=For each organization, how many open risks do they have? Show org name and count, ordered by most risks first. |0.0ms
[2026-05-01 22:15:01] [INFO] [query_handler] [b7b045] [2/8] get_embedding | 12.5ms
[2026-05-01 22:15:01] [INFO] [query_handler] [b7b045] adaptive_top_k | schema=True | top_k=30
[2026-05-01 22:15:01] [INFO] [query_handler] [b7b045] keyword_route | schema=True (keyword/regex match)
[2026-05-01 22:15:01] [INFO] [query_handler] [b7b045] route | collection=schema | is_schema=True
[2026-05-01 22:15:01] [ERROR] [query_handler] [b7b045] ✗ handle_query failed (Unknown Error) | total=256.9ms | error=Unexpected Response: 404 (Not Found)
Raw response content:
b'404 page not found\n'
Traceback (most recent call last):
  File "/Users/shaikmohammedjabirhussain/Desktop/XIT-RAG/handlers/rag_handlers/query_handler.py", line 346, in handle_query
    chunks = self.retrieval_service.retrieve(
        target_collection,
    ...<3 lines>...
        filters,
    )
  File "/Users/shaikmohammedjabirhussain/Desktop/XIT-RAG/services/rag_services/retrieval_service.py", line 71, in retrieve
    hits = self.qdrant_service.search(
        collection_name=collection,
    ...<3 lines>...
        query_filter=query_filter,
    )
  File "/Users/shaikmohammedjabirhussain/Desktop/XIT-RAG/services/rag_services/qdrant_service.py", line 67, in search
    return self.client.search(
           ~~~~~~~~~~~~~~~~~~^
        collection_name=collection_name,
        ^^^^^^^^^^^^^^^^^^^^^^^^^^^^^^^^
    ...<3 lines>...
        query_filter=query_filter,
        ^^^^^^^^^^^^^^^^^^^^^^^^^^
    )
    ^
  File "/Users/shaikmohammedjabirhussain/Desktop/XIT-RAG/.venv/lib/python3.14/site-packages/qdrant_client/qdrant_client.py", line 387, in search
    return self._client.search(
           ~~~~~~~~~~~~~~~~~~~^
        collection_name=collection_name,
        ^^^^^^^^^^^^^^^^^^^^^^^^^^^^^^^^
    ...<12 lines>...
        **kwargs,
        ^^^^^^^^^
    )
    ^
  File "/Users/shaikmohammedjabirhussain/Desktop/XIT-RAG/.venv/lib/python3.14/site-packages/qdrant_client/qdrant_remote.py", line 563, in search
    search_result = self.http.points_api.search_points(
        collection_name=collection_name,
    ...<12 lines>...
        ),
    )
  File "/Users/shaikmohammedjabirhussain/Desktop/XIT-RAG/.venv/lib/python3.14/site-packages/qdrant_client/http/api/points_api.py", line 1616, in search_points
    return self._build_for_search_points(
           ~~~~~~~~~~~~~~~~~~~~~~~~~~~~~^
        collection_name=collection_name,
        ^^^^^^^^^^^^^^^^^^^^^^^^^^^^^^^^
    ...<2 lines>...
        search_request=search_request,
        ^^^^^^^^^^^^^^^^^^^^^^^^^^^^^^
    )
    ^
  File "/Users/shaikmohammedjabirhussain/Desktop/XIT-RAG/.venv/lib/python3.14/site-packages/qdrant_client/http/api/points_api.py", line 750, in _build_for_search_points
    return self.api_client.request(
           ~~~~~~~~~~~~~~~~~~~~~~~^
        type_=m.InlineResponse20016,
        ^^^^^^^^^^^^^^^^^^^^^^^^^^^^
    ...<5 lines>...
        content=body,
        ^^^^^^^^^^^^^
    )
    ^
  File "/Users/shaikmohammedjabirhussain/Desktop/XIT-RAG/.venv/lib/python3.14/site-packages/qdrant_client/http/api_client.py", line 79, in request
    return self.send(request, type_)
           ~~~~~~~~~^^^^^^^^^^^^^^^^
  File "/Users/shaikmohammedjabirhussain/Desktop/XIT-RAG/.venv/lib/python3.14/site-packages/qdrant_client/http/api_client.py", line 102, in send
    raise UnexpectedResponse.for_response(response)
qdrant_client.http.exceptions.UnexpectedResponse: Unexpected Response: 404 (Not Found)
Raw response content:
b'404 page not found\n'
[2026-05-01 22:15:01] [INFO] [request] ← POST /query | status=200 | total=263.8ms
[2026-05-01 22:15:03] [INFO] [request] → POST /query
[2026-05-01 22:15:03] [INFO] [query_handler] [11d62f] [1/8] sanitize_query | query=Which frameworks have the most controls mapped to them, and how many findings are associated with those controls? |0.0ms
[2026-05-01 22:15:03] [INFO] [query_handler] [11d62f] [2/8] get_embedding | 13.6ms
[2026-05-01 22:15:03] [INFO] [query_handler] [11d62f] adaptive_top_k | schema=True | top_k=30
[2026-05-01 22:15:03] [INFO] [query_handler] [11d62f] keyword_route | schema=True (keyword/regex match)
[2026-05-01 22:15:03] [INFO] [query_handler] [11d62f] route | collection=schema | is_schema=True
[2026-05-01 22:15:03] [ERROR] [query_handler] [11d62f] ✗ handle_query failed (Unknown Error) | total=292.0ms | error=Unexpected Response: 404 (Not Found)
Raw response content:
b'404 page not found\n'
Traceback (most recent call last):
  File "/Users/shaikmohammedjabirhussain/Desktop/XIT-RAG/handlers/rag_handlers/query_handler.py", line 346, in handle_query
    chunks = self.retrieval_service.retrieve(
        target_collection,
    ...<3 lines>...
        filters,
    )
  File "/Users/shaikmohammedjabirhussain/Desktop/XIT-RAG/services/rag_services/retrieval_service.py", line 71, in retrieve
    hits = self.qdrant_service.search(
        collection_name=collection,
    ...<3 lines>...
        query_filter=query_filter,
    )
  File "/Users/shaikmohammedjabirhussain/Desktop/XIT-RAG/services/rag_services/qdrant_service.py", line 67, in search
    return self.client.search(
           ~~~~~~~~~~~~~~~~~~^
        collection_name=collection_name,
        ^^^^^^^^^^^^^^^^^^^^^^^^^^^^^^^^
    ...<3 lines>...
        query_filter=query_filter,
        ^^^^^^^^^^^^^^^^^^^^^^^^^^
    )
    ^
  File "/Users/shaikmohammedjabirhussain/Desktop/XIT-RAG/.venv/lib/python3.14/site-packages/qdrant_client/qdrant_client.py", line 387, in search
    return self._client.search(
           ~~~~~~~~~~~~~~~~~~~^
        collection_name=collection_name,
        ^^^^^^^^^^^^^^^^^^^^^^^^^^^^^^^^
    ...<12 lines>...
        **kwargs,
        ^^^^^^^^^
    )
    ^
  File "/Users/shaikmohammedjabirhussain/Desktop/XIT-RAG/.venv/lib/python3.14/site-packages/qdrant_client/qdrant_remote.py", line 563, in search
    search_result = self.http.points_api.search_points(
        collection_name=collection_name,
    ...<12 lines>...
        ),
    )
  File "/Users/shaikmohammedjabirhussain/Desktop/XIT-RAG/.venv/lib/python3.14/site-packages/qdrant_client/http/api/points_api.py", line 1616, in search_points
    return self._build_for_search_points(
           ~~~~~~~~~~~~~~~~~~~~~~~~~~~~~^
        collection_name=collection_name,
        ^^^^^^^^^^^^^^^^^^^^^^^^^^^^^^^^
    ...<2 lines>...
        search_request=search_request,
        ^^^^^^^^^^^^^^^^^^^^^^^^^^^^^^
    )
    ^
  File "/Users/shaikmohammedjabirhussain/Desktop/XIT-RAG/.venv/lib/python3.14/site-packages/qdrant_client/http/api/points_api.py", line 750, in _build_for_search_points
    return self.api_client.request(
           ~~~~~~~~~~~~~~~~~~~~~~~^
        type_=m.InlineResponse20016,
        ^^^^^^^^^^^^^^^^^^^^^^^^^^^^
    ...<5 lines>...
        content=body,
        ^^^^^^^^^^^^^
    )
    ^
  File "/Users/shaikmohammedjabirhussain/Desktop/XIT-RAG/.venv/lib/python3.14/site-packages/qdrant_client/http/api_client.py", line 79, in request
    return self.send(request, type_)
           ~~~~~~~~~^^^^^^^^^^^^^^^^
  File "/Users/shaikmohammedjabirhussain/Desktop/XIT-RAG/.venv/lib/python3.14/site-packages/qdrant_client/http/api_client.py", line 102, in send
    raise UnexpectedResponse.for_response(response)
qdrant_client.http.exceptions.UnexpectedResponse: Unexpected Response: 404 (Not Found)
Raw response content:
b'404 page not found\n'
[2026-05-01 22:15:03] [INFO] [request] ← POST /query | status=200 | total=298.5ms
[2026-05-01 22:16:48] [INFO] [request] → POST /query
[2026-05-01 22:16:48] [INFO] [query_handler] [c8cfdf] [1/8] sanitize_query | query=Hello, are you working? |0.0ms
[2026-05-01 22:16:48] [INFO] [query_handler] [c8cfdf] [2/8] get_embedding | 7.1ms
[2026-05-01 22:16:48] [INFO] [query_handler] SemanticRouter | low confidence (both < 0.30) → defaulting to schema
[2026-05-01 22:16:48] [INFO] [query_handler] [c8cfdf] semantic_route | route=schema | schema_score=0.1696 | irs_score=0.0583
[2026-05-01 22:16:48] [INFO] [query_handler] [c8cfdf] route | collection=schema | is_schema=True
[2026-05-01 22:16:49] [ERROR] [query_handler] [c8cfdf] ✗ handle_query failed (Unknown Error) | total=826.2ms | error=Unexpected Response: 404 (Not Found)
Raw response content:
b'404 page not found\n'
Traceback (most recent call last):
  File "/Users/shaikmohammedjabirhussain/Desktop/XIT-RAG/handlers/rag_handlers/query_handler.py", line 346, in handle_query
    chunks = self.retrieval_service.retrieve(
        target_collection,
    ...<3 lines>...
        filters,
    )
  File "/Users/shaikmohammedjabirhussain/Desktop/XIT-RAG/services/rag_services/retrieval_service.py", line 71, in retrieve
    hits = self.qdrant_service.search(
        collection_name=collection,
    ...<3 lines>...
        query_filter=query_filter,
    )
  File "/Users/shaikmohammedjabirhussain/Desktop/XIT-RAG/services/rag_services/qdrant_service.py", line 67, in search
    return self.client.search(
           ~~~~~~~~~~~~~~~~~~^
        collection_name=collection_name,
        ^^^^^^^^^^^^^^^^^^^^^^^^^^^^^^^^
    ...<3 lines>...
        query_filter=query_filter,
        ^^^^^^^^^^^^^^^^^^^^^^^^^^
    )
    ^
  File "/Users/shaikmohammedjabirhussain/Desktop/XIT-RAG/.venv/lib/python3.14/site-packages/qdrant_client/qdrant_client.py", line 387, in search
    return self._client.search(
           ~~~~~~~~~~~~~~~~~~~^
        collection_name=collection_name,
        ^^^^^^^^^^^^^^^^^^^^^^^^^^^^^^^^
    ...<12 lines>...
        **kwargs,
        ^^^^^^^^^
    )
    ^
  File "/Users/shaikmohammedjabirhussain/Desktop/XIT-RAG/.venv/lib/python3.14/site-packages/qdrant_client/qdrant_remote.py", line 563, in search
    search_result = self.http.points_api.search_points(
        collection_name=collection_name,
    ...<12 lines>...
        ),
    )
  File "/Users/shaikmohammedjabirhussain/Desktop/XIT-RAG/.venv/lib/python3.14/site-packages/qdrant_client/http/api/points_api.py", line 1616, in search_points
    return self._build_for_search_points(
           ~~~~~~~~~~~~~~~~~~~~~~~~~~~~~^
        collection_name=collection_name,
        ^^^^^^^^^^^^^^^^^^^^^^^^^^^^^^^^
    ...<2 lines>...
        search_request=search_request,
        ^^^^^^^^^^^^^^^^^^^^^^^^^^^^^^
    )
    ^
  File "/Users/shaikmohammedjabirhussain/Desktop/XIT-RAG/.venv/lib/python3.14/site-packages/qdrant_client/http/api/points_api.py", line 750, in _build_for_search_points
    return self.api_client.request(
           ~~~~~~~~~~~~~~~~~~~~~~~^
        type_=m.InlineResponse20016,
        ^^^^^^^^^^^^^^^^^^^^^^^^^^^^
    ...<5 lines>...
        content=body,
        ^^^^^^^^^^^^^
    )
    ^
  File "/Users/shaikmohammedjabirhussain/Desktop/XIT-RAG/.venv/lib/python3.14/site-packages/qdrant_client/http/api_client.py", line 79, in request
    return self.send(request, type_)
           ~~~~~~~~~^^^^^^^^^^^^^^^^
  File "/Users/shaikmohammedjabirhussain/Desktop/XIT-RAG/.venv/lib/python3.14/site-packages/qdrant_client/http/api_client.py", line 102, in send
    raise UnexpectedResponse.for_response(response)
qdrant_client.http.exceptions.UnexpectedResponse: Unexpected Response: 404 (Not Found)
Raw response content:
b'404 page not found\n'
[2026-05-01 22:16:49] [INFO] [request] ← POST /query | status=200 | total=834.8ms
[2026-05-01 22:23:00] [INFO] [request] → GET /stats
[2026-05-01 22:23:00] [INFO] [request] ← GET /stats | status=200 | total=33.0ms
[2026-05-01 22:23:00] [INFO] [request] → POST /query
[2026-05-01 22:23:07] [INFO] [query_handler] [156564] [1/8] sanitize_query | query=How many policies are there in total? |0.2ms
[2026-05-01 22:23:07] [INFO] [query_handler] [156564] [2/8] get_embedding | 103.4ms
[2026-05-01 22:23:07] [INFO] [query_handler] [156564] adaptive_top_k | schema=True | top_k=30
[2026-05-01 22:23:07] [INFO] [query_handler] [156564] keyword_route | schema=True (keyword/regex match)
[2026-05-01 22:23:07] [INFO] [query_handler] [156564] route | collection=schema | is_schema=True
[2026-05-01 22:23:07] [INFO] [query_handler] [156564] [3/8] retrieve | chunks_found=30 | 20.9ms
[2026-05-01 22:23:07] [INFO] [retrieval_service] rerank | candidates=30 | top_n=3 | top_scores=[-8.7143, -8.9803, -8.9954] | score_spread=2.7414 | rerank_ms=750.4
[2026-05-01 22:23:07] [INFO] [query_handler] [156564] [4/8] rerank | chunks_after=3 | 750.9ms
[2026-05-01 22:23:08] [ERROR] [llm_service] groq.generate | ERROR | Error code: 400 - {'error': {'message': 'The model `qwen-qwq-32b` has been decommissioned and is no longer supported. Please refer to https://console.groq.com/docs/deprecations for a recommendation on which model to use instead.', 'type': 'invalid_request_error', 'code': 'model_decommissioned'}}
[2026-05-01 22:23:08] [INFO] [query_handler] [156564] [5/8] generate_sql | sql_preview=Error generating response from Groq (qwen-qwq-32b): Error code: 400 - {'error': {'message': 'The mod | 154.8ms
[2026-05-01 22:23:08] [WARNING] [query_handler] [156564] [5/8] SQL blocked — did not start with SELECT or WITH
[2026-05-01 22:23:08] [INFO] [query_handler] [156564] [7/8] build_db_prompt | 0.0ms
[2026-05-01 22:23:08] [ERROR] [llm_service] groq.generate | ERROR | Error code: 400 - {'error': {'message': 'The model `qwen-qwq-32b` has been decommissioned and is no longer supported. Please refer to https://console.groq.com/docs/deprecations for a recommendation on which model to use instead.', 'type': 'invalid_request_error', 'code': 'model_decommissioned'}}
[2026-05-01 22:23:08] [INFO] [query_handler] [156564] [8/8] llm_generate | model=groq | answer_len=348 | 27.7ms
[2026-05-01 22:23:08] [INFO] [query_handler] [156564] ✓ handle_query complete | confidence=low | total=1060.6ms
[2026-05-01 22:23:08] [INFO] [request] ← POST /query | status=200 | total=7738.3ms
[2026-05-01 22:23:09] [INFO] [request] → POST /query
[2026-05-01 22:23:09] [INFO] [query_handler] [749054] [1/8] sanitize_query | query=List all published policies. |0.0ms
[2026-05-01 22:23:09] [INFO] [query_handler] [749054] [2/8] get_embedding | 11.2ms
[2026-05-01 22:23:09] [INFO] [query_handler] [749054] adaptive_top_k | schema=True | top_k=30
[2026-05-01 22:23:09] [INFO] [query_handler] [749054] keyword_route | schema=True (keyword/regex match)
[2026-05-01 22:23:09] [INFO] [query_handler] [749054] route | collection=schema | is_schema=True
[2026-05-01 22:23:09] [INFO] [query_handler] [749054] [3/8] retrieve | chunks_found=30 | 7.5ms
[2026-05-01 22:23:10] [INFO] [retrieval_service] rerank | candidates=30 | top_n=3 | top_scores=[-4.3622, -5.646, -6.8407] | score_spread=7.0451 | rerank_ms=500.5
[2026-05-01 22:23:10] [INFO] [query_handler] [749054] [4/8] rerank | chunks_after=3 | 500.7ms
[2026-05-01 22:23:10] [ERROR] [llm_service] groq.generate | ERROR | Error code: 400 - {'error': {'message': 'The model `qwen-qwq-32b` has been decommissioned and is no longer supported. Please refer to https://console.groq.com/docs/deprecations for a recommendation on which model to use instead.', 'type': 'invalid_request_error', 'code': 'model_decommissioned'}}
[2026-05-01 22:23:10] [INFO] [query_handler] [749054] [5/8] generate_sql | sql_preview=Error generating response from Groq (qwen-qwq-32b): Error code: 400 - {'error': {'message': 'The mod | 35.8ms
[2026-05-01 22:23:10] [WARNING] [query_handler] [749054] [5/8] SQL blocked — did not start with SELECT or WITH
[2026-05-01 22:23:10] [INFO] [query_handler] [749054] [7/8] build_db_prompt | 0.0ms
[2026-05-01 22:23:10] [ERROR] [llm_service] groq.generate | ERROR | Error code: 400 - {'error': {'message': 'The model `qwen-qwq-32b` has been decommissioned and is no longer supported. Please refer to https://console.groq.com/docs/deprecations for a recommendation on which model to use instead.', 'type': 'invalid_request_error', 'code': 'model_decommissioned'}}
[2026-05-01 22:23:10] [INFO] [query_handler] [749054] [8/8] llm_generate | model=groq | answer_len=348 | 28.8ms
[2026-05-01 22:23:10] [INFO] [query_handler] [749054] ✓ handle_query complete | confidence=low | total=585.0ms
[2026-05-01 22:23:10] [INFO] [request] ← POST /query | status=200 | total=586.4ms
[2026-05-01 22:23:11] [INFO] [request] → POST /query
[2026-05-01 22:23:11] [INFO] [query_handler] [15ca9b] [1/8] sanitize_query | query=How many users exist in the system? |0.0ms
[2026-05-01 22:23:11] [INFO] [query_handler] [15ca9b] [2/8] get_embedding | 12.4ms
[2026-05-01 22:23:11] [INFO] [query_handler] [15ca9b] adaptive_top_k | schema=True | top_k=30
[2026-05-01 22:23:11] [INFO] [query_handler] [15ca9b] keyword_route | schema=True (keyword/regex match)
[2026-05-01 22:23:11] [INFO] [query_handler] [15ca9b] route | collection=schema | is_schema=True
[2026-05-01 22:23:11] [INFO] [query_handler] [15ca9b] [3/8] retrieve | chunks_found=9 | 6.7ms
[2026-05-01 22:23:11] [INFO] [retrieval_service] rerank | candidates=9 | top_n=3 | top_scores=[-8.188, -8.3471, -9.9025] | score_spread=3.1261 | rerank_ms=165.7
[2026-05-01 22:23:11] [INFO] [query_handler] [15ca9b] [4/8] rerank | chunks_after=3 | 165.9ms
[2026-05-01 22:23:11] [ERROR] [llm_service] groq.generate | ERROR | Error code: 400 - {'error': {'message': 'The model `qwen-qwq-32b` has been decommissioned and is no longer supported. Please refer to https://console.groq.com/docs/deprecations for a recommendation on which model to use instead.', 'type': 'invalid_request_error', 'code': 'model_decommissioned'}}
[2026-05-01 22:23:11] [INFO] [query_handler] [15ca9b] [5/8] generate_sql | sql_preview=Error generating response from Groq (qwen-qwq-32b): Error code: 400 - {'error': {'message': 'The mod | 32.4ms
[2026-05-01 22:23:11] [WARNING] [query_handler] [15ca9b] [5/8] SQL blocked — did not start with SELECT or WITH
[2026-05-01 22:23:11] [INFO] [query_handler] [15ca9b] [7/8] build_db_prompt | 0.0ms
[2026-05-01 22:23:11] [ERROR] [llm_service] groq.generate | ERROR | Error code: 400 - {'error': {'message': 'The model `qwen-qwq-32b` has been decommissioned and is no longer supported. Please refer to https://console.groq.com/docs/deprecations for a recommendation on which model to use instead.', 'type': 'invalid_request_error', 'code': 'model_decommissioned'}}
[2026-05-01 22:23:11] [INFO] [query_handler] [15ca9b] [8/8] llm_generate | model=groq | answer_len=348 | 33.4ms
[2026-05-01 22:23:11] [INFO] [query_handler] [15ca9b] ✓ handle_query complete | confidence=low | total=251.8ms
[2026-05-01 22:23:11] [INFO] [request] ← POST /query | status=200 | total=253.0ms
[2026-05-01 22:23:13] [INFO] [request] → POST /query
[2026-05-01 22:23:13] [INFO] [query_handler] [0ed34e] [1/8] sanitize_query | query=Show me all organizations. |0.0ms
[2026-05-01 22:23:13] [INFO] [query_handler] [0ed34e] [2/8] get_embedding | 9.5ms
[2026-05-01 22:23:13] [INFO] [query_handler] [0ed34e] adaptive_top_k | schema=True | top_k=30
[2026-05-01 22:23:13] [INFO] [query_handler] [0ed34e] keyword_route | schema=True (keyword/regex match)
[2026-05-01 22:23:13] [INFO] [query_handler] [0ed34e] route | collection=schema | is_schema=True
[2026-05-01 22:23:13] [INFO] [query_handler] [0ed34e] [3/8] retrieve | chunks_found=30 | 6.6ms
[2026-05-01 22:23:13] [INFO] [retrieval_service] rerank | candidates=30 | top_n=3 | top_scores=[-4.1375, -4.6712, -5.091] | score_spread=7.2598 | rerank_ms=412.8
[2026-05-01 22:23:13] [INFO] [query_handler] [0ed34e] [4/8] rerank | chunks_after=3 | 413.0ms
[2026-05-01 22:23:13] [ERROR] [llm_service] groq.generate | ERROR | Error code: 400 - {'error': {'message': 'The model `qwen-qwq-32b` has been decommissioned and is no longer supported. Please refer to https://console.groq.com/docs/deprecations for a recommendation on which model to use instead.', 'type': 'invalid_request_error', 'code': 'model_decommissioned'}}
[2026-05-01 22:23:13] [INFO] [query_handler] [0ed34e] [5/8] generate_sql | sql_preview=Error generating response from Groq (qwen-qwq-32b): Error code: 400 - {'error': {'message': 'The mod | 34.8ms
[2026-05-01 22:23:13] [WARNING] [query_handler] [0ed34e] [5/8] SQL blocked — did not start with SELECT or WITH
[2026-05-01 22:23:13] [INFO] [query_handler] [0ed34e] [7/8] build_db_prompt | 0.0ms
[2026-05-01 22:23:13] [ERROR] [llm_service] groq.generate | ERROR | Error code: 400 - {'error': {'message': 'The model `qwen-qwq-32b` has been decommissioned and is no longer supported. Please refer to https://console.groq.com/docs/deprecations for a recommendation on which model to use instead.', 'type': 'invalid_request_error', 'code': 'model_decommissioned'}}
[2026-05-01 22:23:13] [INFO] [query_handler] [0ed34e] [8/8] llm_generate | model=groq | answer_len=348 | 26.4ms
[2026-05-01 22:23:13] [INFO] [query_handler] [0ed34e] ✓ handle_query complete | confidence=low | total=491.2ms
[2026-05-01 22:23:13] [INFO] [request] ← POST /query | status=200 | total=492.3ms
[2026-05-01 22:23:15] [INFO] [request] → POST /query
[2026-05-01 22:23:15] [INFO] [query_handler] [c40f39] [1/8] sanitize_query | query=What are all the compliance frameworks in the system? |0.0ms
[2026-05-01 22:23:15] [INFO] [query_handler] [c40f39] [2/8] get_embedding | 10.0ms
[2026-05-01 22:23:15] [INFO] [query_handler] SemanticRouter | building intent centroids ...
[2026-05-01 22:23:15] [INFO] [query_handler] SemanticRouter | centroids ready.
[2026-05-01 22:23:15] [INFO] [query_handler] [c40f39] semantic_route | route=schema | schema_score=0.3009 | irs_score=0.2024
[2026-05-01 22:23:15] [INFO] [query_handler] [c40f39] route | collection=schema | is_schema=True
[2026-05-01 22:23:15] [INFO] [query_handler] [c40f39] [3/8] retrieve | chunks_found=20 | 5.3ms
[2026-05-01 22:23:16] [INFO] [retrieval_service] rerank | candidates=20 | top_n=3 | top_scores=[5.1208, 3.7762, 2.9789] | score_spread=14.0896 | rerank_ms=312.0
[2026-05-01 22:23:16] [INFO] [query_handler] [c40f39] [4/8] rerank | chunks_after=3 | 312.2ms
[2026-05-01 22:23:16] [ERROR] [llm_service] groq.generate | ERROR | Error code: 400 - {'error': {'message': 'The model `qwen-qwq-32b` has been decommissioned and is no longer supported. Please refer to https://console.groq.com/docs/deprecations for a recommendation on which model to use instead.', 'type': 'invalid_request_error', 'code': 'model_decommissioned'}}
[2026-05-01 22:23:16] [INFO] [query_handler] [c40f39] [5/8] generate_sql | sql_preview=Error generating response from Groq (qwen-qwq-32b): Error code: 400 - {'error': {'message': 'The mod | 28.8ms
[2026-05-01 22:23:16] [WARNING] [query_handler] [c40f39] [5/8] SQL blocked — did not start with SELECT or WITH
[2026-05-01 22:23:16] [INFO] [query_handler] [c40f39] [7/8] build_db_prompt | 0.0ms
[2026-05-01 22:23:16] [ERROR] [llm_service] groq.generate | ERROR | Error code: 400 - {'error': {'message': 'The model `qwen-qwq-32b` has been decommissioned and is no longer supported. Please refer to https://console.groq.com/docs/deprecations for a recommendation on which model to use instead.', 'type': 'invalid_request_error', 'code': 'model_decommissioned'}}
[2026-05-01 22:23:16] [INFO] [query_handler] [c40f39] [8/8] llm_generate | model=groq | answer_len=348 | 34.8ms
[2026-05-01 22:23:16] [INFO] [query_handler] [c40f39] ✓ handle_query complete | confidence=high | total=625.3ms
[2026-05-01 22:23:16] [INFO] [request] ← POST /query | status=200 | total=626.3ms
[2026-05-01 22:23:17] [INFO] [request] → POST /query
[2026-05-01 22:23:17] [INFO] [query_handler] [6befc0] [1/8] sanitize_query | query=How many risks are open vs mitigated? Give me the count for each status. |0.0ms
[2026-05-01 22:23:17] [INFO] [query_handler] [6befc0] [2/8] get_embedding | 11.0ms
[2026-05-01 22:23:17] [INFO] [query_handler] [6befc0] adaptive_top_k | schema=True | top_k=30
[2026-05-01 22:23:17] [INFO] [query_handler] [6befc0] keyword_route | schema=True (keyword/regex match)
[2026-05-01 22:23:17] [INFO] [query_handler] [6befc0] route | collection=schema | is_schema=True
[2026-05-01 22:23:17] [INFO] [query_handler] [6befc0] [3/8] retrieve | chunks_found=30 | 6.6ms
[2026-05-01 22:23:18] [INFO] [retrieval_service] rerank | candidates=30 | top_n=3 | top_scores=[-0.5254, -0.6143, -1.4119] | score_spread=10.9790 | rerank_ms=476.0
[2026-05-01 22:23:18] [INFO] [query_handler] [6befc0] [4/8] rerank | chunks_after=3 | 476.4ms
[2026-05-01 22:23:18] [ERROR] [llm_service] groq.generate | ERROR | Error code: 400 - {'error': {'message': 'The model `qwen-qwq-32b` has been decommissioned and is no longer supported. Please refer to https://console.groq.com/docs/deprecations for a recommendation on which model to use instead.', 'type': 'invalid_request_error', 'code': 'model_decommissioned'}}
[2026-05-01 22:23:18] [INFO] [query_handler] [6befc0] [5/8] generate_sql | sql_preview=Error generating response from Groq (qwen-qwq-32b): Error code: 400 - {'error': {'message': 'The mod | 28.8ms
[2026-05-01 22:23:18] [WARNING] [query_handler] [6befc0] [5/8] SQL blocked — did not start with SELECT or WITH
[2026-05-01 22:23:18] [INFO] [query_handler] [6befc0] [7/8] build_db_prompt | 0.0ms
[2026-05-01 22:23:18] [ERROR] [llm_service] groq.generate | ERROR | Error code: 400 - {'error': {'message': 'The model `qwen-qwq-32b` has been decommissioned and is no longer supported. Please refer to https://console.groq.com/docs/deprecations for a recommendation on which model to use instead.', 'type': 'invalid_request_error', 'code': 'model_decommissioned'}}
[2026-05-01 22:23:18] [INFO] [query_handler] [6befc0] [8/8] llm_generate | model=groq | answer_len=348 | 29.2ms
[2026-05-01 22:23:18] [INFO] [query_handler] [6befc0] ✓ handle_query complete | confidence=low | total=552.9ms
[2026-05-01 22:23:18] [INFO] [request] ← POST /query | status=200 | total=554.1ms
[2026-05-01 22:23:19] [INFO] [request] → POST /query
[2026-05-01 22:23:19] [INFO] [query_handler] [b857b8] [1/8] sanitize_query | query=What is the distribution of policies by status (draft, published, archived)? |0.0ms
[2026-05-01 22:23:19] [INFO] [query_handler] [b857b8] [2/8] get_embedding | 11.7ms
[2026-05-01 22:23:19] [INFO] [query_handler] [b857b8] adaptive_top_k | schema=True | top_k=30
[2026-05-01 22:23:19] [INFO] [query_handler] [b857b8] keyword_route | schema=True (keyword/regex match)
[2026-05-01 22:23:19] [INFO] [query_handler] [b857b8] route | collection=schema | is_schema=True
[2026-05-01 22:23:19] [INFO] [query_handler] [b857b8] [3/8] retrieve | chunks_found=27 | 5.7ms
[2026-05-01 22:23:20] [INFO] [retrieval_service] rerank | candidates=27 | top_n=3 | top_scores=[-1.7363, -3.7624, -3.8709] | score_spread=9.6673 | rerank_ms=393.4
[2026-05-01 22:23:20] [INFO] [query_handler] [b857b8] [4/8] rerank | chunks_after=3 | 393.7ms
[2026-05-01 22:23:20] [ERROR] [llm_service] groq.generate | ERROR | Error code: 400 - {'error': {'message': 'The model `qwen-qwq-32b` has been decommissioned and is no longer supported. Please refer to https://console.groq.com/docs/deprecations for a recommendation on which model to use instead.', 'type': 'invalid_request_error', 'code': 'model_decommissioned'}}
[2026-05-01 22:23:20] [INFO] [query_handler] [b857b8] [5/8] generate_sql | sql_preview=Error generating response from Groq (qwen-qwq-32b): Error code: 400 - {'error': {'message': 'The mod | 29.2ms
[2026-05-01 22:23:20] [WARNING] [query_handler] [b857b8] [5/8] SQL blocked — did not start with SELECT or WITH
[2026-05-01 22:23:20] [INFO] [query_handler] [b857b8] [7/8] build_db_prompt | 0.0ms
[2026-05-01 22:23:20] [ERROR] [llm_service] groq.generate | ERROR | Error code: 400 - {'error': {'message': 'The model `qwen-qwq-32b` has been decommissioned and is no longer supported. Please refer to https://console.groq.com/docs/deprecations for a recommendation on which model to use instead.', 'type': 'invalid_request_error', 'code': 'model_decommissioned'}}
[2026-05-01 22:23:20] [INFO] [query_handler] [b857b8] [8/8] llm_generate | model=groq | answer_len=348 | 27.1ms
[2026-05-01 22:23:20] [INFO] [query_handler] [b857b8] ✓ handle_query complete | confidence=low | total=468.3ms
[2026-05-01 22:23:20] [INFO] [request] ← POST /query | status=200 | total=469.6ms
[2026-05-01 22:23:21] [INFO] [request] → POST /query
[2026-05-01 22:23:21] [INFO] [query_handler] [fcd706] [1/8] sanitize_query | query=How many controls are there per framework? |0.0ms
[2026-05-01 22:23:21] [INFO] [query_handler] [fcd706] [2/8] get_embedding | 11.0ms
[2026-05-01 22:23:21] [INFO] [query_handler] [fcd706] adaptive_top_k | schema=True | top_k=30
[2026-05-01 22:23:21] [INFO] [query_handler] [fcd706] keyword_route | schema=True (keyword/regex match)
[2026-05-01 22:23:21] [INFO] [query_handler] [fcd706] route | collection=schema | is_schema=True
[2026-05-01 22:23:21] [INFO] [query_handler] [fcd706] [3/8] retrieve | chunks_found=17 | 5.5ms
[2026-05-01 22:23:21] [INFO] [retrieval_service] rerank | candidates=17 | top_n=3 | top_scores=[1.0876, -1.2582, -1.6517] | score_spread=12.2558 | rerank_ms=211.7
[2026-05-01 22:23:21] [INFO] [query_handler] [fcd706] [4/8] rerank | chunks_after=3 | 211.9ms
[2026-05-01 22:23:21] [ERROR] [llm_service] groq.generate | ERROR | Error code: 400 - {'error': {'message': 'The model `qwen-qwq-32b` has been decommissioned and is no longer supported. Please refer to https://console.groq.com/docs/deprecations for a recommendation on which model to use instead.', 'type': 'invalid_request_error', 'code': 'model_decommissioned'}}
[2026-05-01 22:23:21] [INFO] [query_handler] [fcd706] [5/8] generate_sql | sql_preview=Error generating response from Groq (qwen-qwq-32b): Error code: 400 - {'error': {'message': 'The mod | 31.5ms
[2026-05-01 22:23:21] [WARNING] [query_handler] [fcd706] [5/8] SQL blocked — did not start with SELECT or WITH
[2026-05-01 22:23:21] [INFO] [query_handler] [fcd706] [7/8] build_db_prompt | 0.0ms
[2026-05-01 22:23:21] [ERROR] [llm_service] groq.generate | ERROR | Error code: 400 - {'error': {'message': 'The model `qwen-qwq-32b` has been decommissioned and is no longer supported. Please refer to https://console.groq.com/docs/deprecations for a recommendation on which model to use instead.', 'type': 'invalid_request_error', 'code': 'model_decommissioned'}}
[2026-05-01 22:23:21] [INFO] [query_handler] [fcd706] [8/8] llm_generate | model=groq | answer_len=348 | 26.2ms
[2026-05-01 22:23:21] [INFO] [query_handler] [fcd706] ✓ handle_query complete | confidence=low | total=287.0ms
[2026-05-01 22:23:21] [INFO] [request] ← POST /query | status=200 | total=288.0ms
[2026-05-01 22:23:23] [INFO] [request] → POST /query
[2026-05-01 22:23:23] [INFO] [query_handler] [3cbbb8] [1/8] sanitize_query | query=Show me all findings along with their associated audit details. |0.0ms
[2026-05-01 22:23:23] [INFO] [query_handler] [3cbbb8] [2/8] get_embedding | 10.1ms
[2026-05-01 22:23:23] [INFO] [query_handler] [3cbbb8] adaptive_top_k | schema=True | top_k=30
[2026-05-01 22:23:23] [INFO] [query_handler] [3cbbb8] keyword_route | schema=True (keyword/regex match)
[2026-05-01 22:23:23] [INFO] [query_handler] [3cbbb8] route | collection=schema | is_schema=True
[2026-05-01 22:23:23] [INFO] [query_handler] [3cbbb8] [3/8] retrieve | chunks_found=30 | 5.4ms
[2026-05-01 22:23:24] [INFO] [retrieval_service] rerank | candidates=30 | top_n=3 | top_scores=[-0.3601, -1.0267, -1.0802] | score_spread=11.0816 | rerank_ms=669.9
[2026-05-01 22:23:24] [INFO] [query_handler] [3cbbb8] [4/8] rerank | chunks_after=3 | 670.2ms
[2026-05-01 22:23:24] [ERROR] [llm_service] groq.generate | ERROR | Error code: 400 - {'error': {'message': 'The model `qwen-qwq-32b` has been decommissioned and is no longer supported. Please refer to https://console.groq.com/docs/deprecations for a recommendation on which model to use instead.', 'type': 'invalid_request_error', 'code': 'model_decommissioned'}}
[2026-05-01 22:23:24] [INFO] [query_handler] [3cbbb8] [5/8] generate_sql | sql_preview=Error generating response from Groq (qwen-qwq-32b): Error code: 400 - {'error': {'message': 'The mod | 30.2ms
[2026-05-01 22:23:24] [WARNING] [query_handler] [3cbbb8] [5/8] SQL blocked — did not start with SELECT or WITH
[2026-05-01 22:23:24] [INFO] [query_handler] [3cbbb8] [7/8] build_db_prompt | 0.0ms
[2026-05-01 22:23:24] [ERROR] [llm_service] groq.generate | ERROR | Error code: 400 - {'error': {'message': 'The model `qwen-qwq-32b` has been decommissioned and is no longer supported. Please refer to https://console.groq.com/docs/deprecations for a recommendation on which model to use instead.', 'type': 'invalid_request_error', 'code': 'model_decommissioned'}}
[2026-05-01 22:23:24] [INFO] [query_handler] [3cbbb8] [8/8] llm_generate | model=groq | answer_len=348 | 27.1ms
[2026-05-01 22:23:24] [INFO] [query_handler] [3cbbb8] ✓ handle_query complete | confidence=low | total=743.8ms
[2026-05-01 22:23:24] [INFO] [request] ← POST /query | status=200 | total=744.8ms
[2026-05-01 22:23:25] [INFO] [request] → POST /query
[2026-05-01 22:23:25] [INFO] [query_handler] [02e154] [1/8] sanitize_query | query=Which users are assigned to which organizations? |0.0ms
[2026-05-01 22:23:25] [INFO] [query_handler] [02e154] [2/8] get_embedding | 10.1ms
[2026-05-01 22:23:25] [INFO] [query_handler] [02e154] adaptive_top_k | schema=True | top_k=30
[2026-05-01 22:23:25] [INFO] [query_handler] [02e154] keyword_route | schema=True (keyword/regex match)
[2026-05-01 22:23:25] [INFO] [query_handler] [02e154] route | collection=schema | is_schema=True
[2026-05-01 22:23:25] [INFO] [query_handler] [02e154] [3/8] retrieve | chunks_found=30 | 5.8ms
[2026-05-01 22:23:26] [INFO] [retrieval_service] rerank | candidates=30 | top_n=3 | top_scores=[1.4344, 0.5804, 0.4631] | score_spread=12.7823 | rerank_ms=511.9
[2026-05-01 22:23:26] [INFO] [query_handler] [02e154] [4/8] rerank | chunks_after=3 | 512.0ms
[2026-05-01 22:23:26] [ERROR] [llm_service] groq.generate | ERROR | Error code: 400 - {'error': {'message': 'The model `qwen-qwq-32b` has been decommissioned and is no longer supported. Please refer to https://console.groq.com/docs/deprecations for a recommendation on which model to use instead.', 'type': 'invalid_request_error', 'code': 'model_decommissioned'}}
[2026-05-01 22:23:26] [INFO] [query_handler] [02e154] [5/8] generate_sql | sql_preview=Error generating response from Groq (qwen-qwq-32b): Error code: 400 - {'error': {'message': 'The mod | 31.4ms
[2026-05-01 22:23:26] [WARNING] [query_handler] [02e154] [5/8] SQL blocked — did not start with SELECT or WITH
[2026-05-01 22:23:26] [INFO] [query_handler] [02e154] [7/8] build_db_prompt | 0.0ms
[2026-05-01 22:23:26] [ERROR] [llm_service] groq.generate | ERROR | Error code: 400 - {'error': {'message': 'The model `qwen-qwq-32b` has been decommissioned and is no longer supported. Please refer to https://console.groq.com/docs/deprecations for a recommendation on which model to use instead.', 'type': 'invalid_request_error', 'code': 'model_decommissioned'}}
[2026-05-01 22:23:26] [INFO] [query_handler] [02e154] [8/8] llm_generate | model=groq | answer_len=348 | 25.8ms
[2026-05-01 22:23:26] [INFO] [query_handler] [02e154] ✓ handle_query complete | confidence=medium | total=585.9ms
[2026-05-01 22:23:26] [INFO] [request] ← POST /query | status=200 | total=587.3ms
[2026-05-01 22:23:27] [INFO] [request] → POST /query
[2026-05-01 22:23:27] [INFO] [query_handler] [f8b2b4] [1/8] sanitize_query | query=List all risks along with their associated policies and risk scores. |0.0ms
[2026-05-01 22:23:27] [INFO] [query_handler] [f8b2b4] [2/8] get_embedding | 10.9ms
[2026-05-01 22:23:27] [INFO] [query_handler] [f8b2b4] adaptive_top_k | schema=True | top_k=30
[2026-05-01 22:23:27] [INFO] [query_handler] [f8b2b4] keyword_route | schema=True (keyword/regex match)
[2026-05-01 22:23:27] [INFO] [query_handler] [f8b2b4] route | collection=schema | is_schema=True
[2026-05-01 22:23:27] [INFO] [query_handler] [f8b2b4] [3/8] retrieve | chunks_found=30 | 5.2ms
[2026-05-01 22:23:28] [INFO] [retrieval_service] rerank | candidates=30 | top_n=3 | top_scores=[1.2578, -0.6461, -0.865] | score_spread=12.7349 | rerank_ms=850.1
[2026-05-01 22:23:28] [INFO] [query_handler] [f8b2b4] [4/8] rerank | chunks_after=3 | 850.4ms
[2026-05-01 22:23:28] [ERROR] [llm_service] groq.generate | ERROR | Error code: 400 - {'error': {'message': 'The model `qwen-qwq-32b` has been decommissioned and is no longer supported. Please refer to https://console.groq.com/docs/deprecations for a recommendation on which model to use instead.', 'type': 'invalid_request_error', 'code': 'model_decommissioned'}}
[2026-05-01 22:23:28] [INFO] [query_handler] [f8b2b4] [5/8] generate_sql | sql_preview=Error generating response from Groq (qwen-qwq-32b): Error code: 400 - {'error': {'message': 'The mod | 31.0ms
[2026-05-01 22:23:28] [WARNING] [query_handler] [f8b2b4] [5/8] SQL blocked — did not start with SELECT or WITH
[2026-05-01 22:23:28] [INFO] [query_handler] [f8b2b4] [7/8] build_db_prompt | 0.0ms
[2026-05-01 22:23:28] [ERROR] [llm_service] groq.generate | ERROR | Error code: 400 - {'error': {'message': 'The model `qwen-qwq-32b` has been decommissioned and is no longer supported. Please refer to https://console.groq.com/docs/deprecations for a recommendation on which model to use instead.', 'type': 'invalid_request_error', 'code': 'model_decommissioned'}}
[2026-05-01 22:23:28] [INFO] [query_handler] [f8b2b4] [8/8] llm_generate | model=groq | answer_len=348 | 27.1ms
[2026-05-01 22:23:28] [INFO] [query_handler] [f8b2b4] ✓ handle_query complete | confidence=low | total=925.4ms
[2026-05-01 22:23:28] [INFO] [request] ← POST /query | status=200 | total=926.7ms
[2026-05-01 22:23:30] [INFO] [request] → POST /query
[2026-05-01 22:23:30] [INFO] [query_handler] [f36570] [1/8] sanitize_query | query=Show me all high-risk items — where the risk score is above 7. |0.0ms
[2026-05-01 22:23:30] [INFO] [query_handler] [f36570] [2/8] get_embedding | 11.4ms
[2026-05-01 22:23:30] [INFO] [query_handler] [f36570] adaptive_top_k | schema=True | top_k=30
[2026-05-01 22:23:30] [INFO] [query_handler] [f36570] keyword_route | schema=True (keyword/regex match)
[2026-05-01 22:23:30] [INFO] [query_handler] [f36570] route | collection=schema | is_schema=True
[2026-05-01 22:23:30] [INFO] [query_handler] [f36570] [3/8] retrieve | chunks_found=30 | 5.8ms
[2026-05-01 22:23:30] [INFO] [retrieval_service] rerank | candidates=30 | top_n=3 | top_scores=[-3.1187, -4.3151, -4.7878] | score_spread=8.2928 | rerank_ms=595.0
[2026-05-01 22:23:30] [INFO] [query_handler] [f36570] [4/8] rerank | chunks_after=3 | 595.1ms
[2026-05-01 22:23:30] [ERROR] [llm_service] groq.generate | ERROR | Error code: 400 - {'error': {'message': 'The model `qwen-qwq-32b` has been decommissioned and is no longer supported. Please refer to https://console.groq.com/docs/deprecations for a recommendation on which model to use instead.', 'type': 'invalid_request_error', 'code': 'model_decommissioned'}}
[2026-05-01 22:23:30] [INFO] [query_handler] [f36570] [5/8] generate_sql | sql_preview=Error generating response from Groq (qwen-qwq-32b): Error code: 400 - {'error': {'message': 'The mod | 28.7ms
[2026-05-01 22:23:30] [WARNING] [query_handler] [f36570] [5/8] SQL blocked — did not start with SELECT or WITH
[2026-05-01 22:23:30] [INFO] [query_handler] [f36570] [7/8] build_db_prompt | 0.0ms
[2026-05-01 22:23:30] [ERROR] [llm_service] groq.generate | ERROR | Error code: 400 - {'error': {'message': 'The model `qwen-qwq-32b` has been decommissioned and is no longer supported. Please refer to https://console.groq.com/docs/deprecations for a recommendation on which model to use instead.', 'type': 'invalid_request_error', 'code': 'model_decommissioned'}}
[2026-05-01 22:23:30] [INFO] [query_handler] [f36570] [8/8] llm_generate | model=groq | answer_len=348 | 27.4ms
[2026-05-01 22:23:30] [INFO] [query_handler] [f36570] ✓ handle_query complete | confidence=low | total=669.4ms
[2026-05-01 22:23:30] [INFO] [request] ← POST /query | status=200 | total=670.9ms
[2026-05-01 22:23:32] [INFO] [request] → POST /query
[2026-05-01 22:23:32] [INFO] [query_handler] [2402f2] [1/8] sanitize_query | query=Which audits have a status of completed or closed? |0.0ms
[2026-05-01 22:23:32] [INFO] [query_handler] [2402f2] [2/8] get_embedding | 9.9ms
[2026-05-01 22:23:32] [INFO] [query_handler] [2402f2] adaptive_top_k | schema=True | top_k=30
[2026-05-01 22:23:32] [INFO] [query_handler] [2402f2] keyword_route | schema=True (keyword/regex match)
[2026-05-01 22:23:32] [INFO] [query_handler] [2402f2] route | collection=schema | is_schema=True
[2026-05-01 22:23:32] [INFO] [query_handler] [2402f2] [3/8] retrieve | chunks_found=30 | 6.0ms
[2026-05-01 22:23:33] [INFO] [retrieval_service] rerank | candidates=30 | top_n=3 | top_scores=[2.0404, 1.6151, 1.4827] | score_spread=13.4803 | rerank_ms=694.5
[2026-05-01 22:23:33] [INFO] [query_handler] [2402f2] [4/8] rerank | chunks_after=3 | 694.7ms
[2026-05-01 22:23:33] [ERROR] [llm_service] groq.generate | ERROR | Error code: 400 - {'error': {'message': 'The model `qwen-qwq-32b` has been decommissioned and is no longer supported. Please refer to https://console.groq.com/docs/deprecations for a recommendation on which model to use instead.', 'type': 'invalid_request_error', 'code': 'model_decommissioned'}}
[2026-05-01 22:23:33] [INFO] [query_handler] [2402f2] [5/8] generate_sql | sql_preview=Error generating response from Groq (qwen-qwq-32b): Error code: 400 - {'error': {'message': 'The mod | 31.2ms
[2026-05-01 22:23:33] [WARNING] [query_handler] [2402f2] [5/8] SQL blocked — did not start with SELECT or WITH
[2026-05-01 22:23:33] [INFO] [query_handler] [2402f2] [7/8] build_db_prompt | 0.0ms
[2026-05-01 22:23:33] [ERROR] [llm_service] groq.generate | ERROR | Error code: 400 - {'error': {'message': 'The model `qwen-qwq-32b` has been decommissioned and is no longer supported. Please refer to https://console.groq.com/docs/deprecations for a recommendation on which model to use instead.', 'type': 'invalid_request_error', 'code': 'model_decommissioned'}}
[2026-05-01 22:23:33] [INFO] [query_handler] [2402f2] [8/8] llm_generate | model=groq | answer_len=348 | 28.1ms
[2026-05-01 22:23:33] [INFO] [query_handler] [2402f2] ✓ handle_query complete | confidence=high | total=771.1ms
[2026-05-01 22:23:33] [INFO] [request] ← POST /query | status=200 | total=779.0ms
[2026-05-01 22:23:34] [INFO] [request] → POST /query
[2026-05-01 22:23:34] [INFO] [query_handler] [93a196] [1/8] sanitize_query | query=For each organization, how many open risks do they have? Show org name and count, ordered by most risks first. |0.0ms
[2026-05-01 22:23:34] [INFO] [query_handler] [93a196] [2/8] get_embedding | 11.0ms
[2026-05-01 22:23:34] [INFO] [query_handler] [93a196] adaptive_top_k | schema=True | top_k=30
[2026-05-01 22:23:34] [INFO] [query_handler] [93a196] keyword_route | schema=True (keyword/regex match)
[2026-05-01 22:23:34] [INFO] [query_handler] [93a196] route | collection=schema | is_schema=True
[2026-05-01 22:23:34] [INFO] [query_handler] [93a196] [3/8] retrieve | chunks_found=30 | 5.3ms
[2026-05-01 22:23:35] [INFO] [retrieval_service] rerank | candidates=30 | top_n=3 | top_scores=[2.8202, -0.8488, -3.6994] | score_spread=14.2513 | rerank_ms=427.5
[2026-05-01 22:23:35] [INFO] [query_handler] [93a196] [4/8] rerank | chunks_after=3 | 427.7ms
[2026-05-01 22:23:35] [ERROR] [llm_service] groq.generate | ERROR | Error code: 400 - {'error': {'message': 'The model `qwen-qwq-32b` has been decommissioned and is no longer supported. Please refer to https://console.groq.com/docs/deprecations for a recommendation on which model to use instead.', 'type': 'invalid_request_error', 'code': 'model_decommissioned'}}
[2026-05-01 22:23:35] [INFO] [query_handler] [93a196] [5/8] generate_sql | sql_preview=Error generating response from Groq (qwen-qwq-32b): Error code: 400 - {'error': {'message': 'The mod | 29.6ms
[2026-05-01 22:23:35] [WARNING] [query_handler] [93a196] [5/8] SQL blocked — did not start with SELECT or WITH
[2026-05-01 22:23:35] [INFO] [query_handler] [93a196] [7/8] build_db_prompt | 0.0ms
[2026-05-01 22:23:35] [ERROR] [llm_service] groq.generate | ERROR | Error code: 400 - {'error': {'message': 'The model `qwen-qwq-32b` has been decommissioned and is no longer supported. Please refer to https://console.groq.com/docs/deprecations for a recommendation on which model to use instead.', 'type': 'invalid_request_error', 'code': 'model_decommissioned'}}
[2026-05-01 22:23:35] [INFO] [query_handler] [93a196] [8/8] llm_generate | model=groq | answer_len=348 | 28.2ms
[2026-05-01 22:23:35] [INFO] [query_handler] [93a196] ✓ handle_query complete | confidence=low | total=502.6ms
[2026-05-01 22:23:35] [INFO] [request] ← POST /query | status=200 | total=503.8ms
[2026-05-01 22:23:36] [INFO] [request] → POST /query
[2026-05-01 22:23:36] [INFO] [query_handler] [17d958] [1/8] sanitize_query | query=Which frameworks have the most controls mapped to them, and how many findings are associated with those controls? |0.0ms
[2026-05-01 22:23:36] [INFO] [query_handler] [17d958] [2/8] get_embedding | 11.0ms
[2026-05-01 22:23:36] [INFO] [query_handler] [17d958] adaptive_top_k | schema=True | top_k=30
[2026-05-01 22:23:36] [INFO] [query_handler] [17d958] keyword_route | schema=True (keyword/regex match)
[2026-05-01 22:23:36] [INFO] [query_handler] [17d958] route | collection=schema | is_schema=True
[2026-05-01 22:23:36] [INFO] [query_handler] [17d958] [3/8] retrieve | chunks_found=20 | 4.5ms
[2026-05-01 22:23:37] [INFO] [retrieval_service] rerank | candidates=20 | top_n=3 | top_scores=[-0.0817, -0.5808, -1.4762] | score_spread=10.6509 | rerank_ms=466.0
[2026-05-01 22:23:37] [INFO] [query_handler] [17d958] [4/8] rerank | chunks_after=3 | 466.5ms
[2026-05-01 22:23:37] [ERROR] [llm_service] groq.generate | ERROR | Error code: 400 - {'error': {'message': 'The model `qwen-qwq-32b` has been decommissioned and is no longer supported. Please refer to https://console.groq.com/docs/deprecations for a recommendation on which model to use instead.', 'type': 'invalid_request_error', 'code': 'model_decommissioned'}}
[2026-05-01 22:23:37] [INFO] [query_handler] [17d958] [5/8] generate_sql | sql_preview=Error generating response from Groq (qwen-qwq-32b): Error code: 400 - {'error': {'message': 'The mod | 30.4ms
[2026-05-01 22:23:37] [WARNING] [query_handler] [17d958] [5/8] SQL blocked — did not start with SELECT or WITH
[2026-05-01 22:23:37] [INFO] [query_handler] [17d958] [7/8] build_db_prompt | 0.0ms
[2026-05-01 22:23:37] [ERROR] [llm_service] groq.generate | ERROR | Error code: 400 - {'error': {'message': 'The model `qwen-qwq-32b` has been decommissioned and is no longer supported. Please refer to https://console.groq.com/docs/deprecations for a recommendation on which model to use instead.', 'type': 'invalid_request_error', 'code': 'model_decommissioned'}}
[2026-05-01 22:23:37] [INFO] [query_handler] [17d958] [8/8] llm_generate | model=groq | answer_len=348 | 29.6ms
[2026-05-01 22:23:37] [INFO] [query_handler] [17d958] ✓ handle_query complete | confidence=low | total=543.0ms
[2026-05-01 22:23:37] [INFO] [request] ← POST /query | status=200 | total=544.3ms
[2026-05-01 22:24:25] [INFO] [request] → GET /stats
[2026-05-01 22:24:25] [INFO] [request] ← GET /stats | status=200 | total=25.0ms
[2026-05-01 22:24:25] [INFO] [request] → POST /query
[2026-05-01 22:24:32] [INFO] [query_handler] [a235f2] [1/8] sanitize_query | query=How many policies are there in total? |0.2ms
[2026-05-01 22:24:32] [INFO] [query_handler] [a235f2] [2/8] get_embedding | 13.5ms
[2026-05-01 22:24:32] [INFO] [query_handler] [a235f2] adaptive_top_k | schema=True | top_k=30
[2026-05-01 22:24:32] [INFO] [query_handler] [a235f2] keyword_route | schema=True (keyword/regex match)
[2026-05-01 22:24:32] [INFO] [query_handler] [a235f2] route | collection=schema | is_schema=True
[2026-05-01 22:24:32] [INFO] [query_handler] [a235f2] [3/8] retrieve | chunks_found=30 | 5.9ms
[2026-05-01 22:24:32] [INFO] [retrieval_service] rerank | candidates=30 | top_n=3 | top_scores=[-8.7143, -8.9803, -8.9954] | score_spread=2.7414 | rerank_ms=661.3
[2026-05-01 22:24:32] [INFO] [query_handler] [a235f2] [4/8] rerank | chunks_after=3 | 662.6ms
[2026-05-01 22:24:33] [INFO] [llm_service] groq.generate | model=qwen/qwen3-32b | input_tokens=719 | output_tokens=300 | cost~$0.000176 | total_cost~$0.0002 | 947.7ms
[2026-05-01 22:24:33] [INFO] [query_handler] [a235f2] [5/8] generate_sql | sql_preview=<think>
Okay, let's see. The user is asking, "How many policies are there in total?" I need to gener | 948.2ms
[2026-05-01 22:24:33] [WARNING] [query_handler] [a235f2] [5/8] SQL blocked — did not start with SELECT or WITH
[2026-05-01 22:24:33] [INFO] [query_handler] [a235f2] [7/8] build_db_prompt | 0.0ms
[2026-05-01 22:24:35] [INFO] [llm_service] groq.generate | model=qwen/qwen3-32b | input_tokens=718 | output_tokens=716 | cost~$0.000301 | total_cost~$0.0005 | 1707.6ms
[2026-05-01 22:24:35] [INFO] [query_handler] [a235f2] [8/8] llm_generate | model=groq | answer_len=3502 | 1708.0ms
[2026-05-01 22:24:35] [INFO] [query_handler] [a235f2] ✓ handle_query complete | confidence=low | total=3340.8ms
[2026-05-01 22:24:35] [INFO] [request] ← POST /query | status=200 | total=10248.4ms
[2026-05-01 22:24:36] [INFO] [request] → POST /query
[2026-05-01 22:24:36] [INFO] [query_handler] [ca361a] [1/8] sanitize_query | query=List all published policies. |0.0ms
[2026-05-01 22:24:36] [INFO] [query_handler] [ca361a] [2/8] get_embedding | 12.7ms
[2026-05-01 22:24:36] [INFO] [query_handler] [ca361a] adaptive_top_k | schema=True | top_k=30
[2026-05-01 22:24:36] [INFO] [query_handler] [ca361a] keyword_route | schema=True (keyword/regex match)
[2026-05-01 22:24:36] [INFO] [query_handler] [ca361a] route | collection=schema | is_schema=True
[2026-05-01 22:24:36] [INFO] [query_handler] [ca361a] [3/8] retrieve | chunks_found=30 | 6.0ms
[2026-05-01 22:24:37] [INFO] [retrieval_service] rerank | candidates=30 | top_n=3 | top_scores=[-4.3622, -5.646, -6.8407] | score_spread=7.0451 | rerank_ms=636.0
[2026-05-01 22:24:37] [INFO] [query_handler] [ca361a] [4/8] rerank | chunks_after=3 | 636.2ms
[2026-05-01 22:24:38] [INFO] [llm_service] groq.generate | model=qwen/qwen3-32b | input_tokens=716 | output_tokens=300 | cost~$0.000176 | total_cost~$0.0007 | 907.2ms
[2026-05-01 22:24:38] [INFO] [query_handler] [ca361a] [5/8] generate_sql | sql_preview=<think>
Okay, let's see. The user is asking to list all published policies. First, I need to figure  | 907.6ms
[2026-05-01 22:24:38] [WARNING] [query_handler] [ca361a] [5/8] SQL blocked — did not start with SELECT or WITH
[2026-05-01 22:24:38] [INFO] [query_handler] [ca361a] [7/8] build_db_prompt | 0.0ms
[2026-05-01 22:24:39] [INFO] [llm_service] groq.generate | model=qwen/qwen3-32b | input_tokens=715 | output_tokens=434 | cost~$0.000216 | total_cost~$0.0009 | 1230.2ms
[2026-05-01 22:24:39] [INFO] [query_handler] [ca361a] [8/8] llm_generate | model=groq | answer_len=2187 | 1230.5ms
[2026-05-01 22:24:39] [INFO] [query_handler] [ca361a] ✓ handle_query complete | confidence=low | total=2794.4ms
[2026-05-01 22:24:39] [INFO] [request] ← POST /query | status=200 | total=2796.6ms
[2026-05-01 22:24:41] [INFO] [request] → POST /query
[2026-05-01 22:24:41] [INFO] [query_handler] [69cb67] [1/8] sanitize_query | query=How many users exist in the system? |0.0ms
[2026-05-01 22:24:41] [INFO] [query_handler] [69cb67] [2/8] get_embedding | 11.6ms
[2026-05-01 22:24:41] [INFO] [query_handler] [69cb67] adaptive_top_k | schema=True | top_k=30
[2026-05-01 22:24:41] [INFO] [query_handler] [69cb67] keyword_route | schema=True (keyword/regex match)
[2026-05-01 22:24:41] [INFO] [query_handler] [69cb67] route | collection=schema | is_schema=True
[2026-05-01 22:24:41] [INFO] [query_handler] [69cb67] [3/8] retrieve | chunks_found=9 | 5.8ms
[2026-05-01 22:24:41] [INFO] [retrieval_service] rerank | candidates=9 | top_n=3 | top_scores=[-8.188, -8.3471, -9.9025] | score_spread=3.1261 | rerank_ms=143.9
[2026-05-01 22:24:41] [INFO] [query_handler] [69cb67] [4/8] rerank | chunks_after=3 | 144.1ms
[2026-05-01 22:24:41] [INFO] [groq._base_client] Retrying request to /openai/v1/chat/completions in 8.000000 seconds
[2026-05-01 22:24:50] [INFO] [llm_service] groq.generate | model=qwen/qwen3-32b | input_tokens=676 | output_tokens=300 | cost~$0.000171 | total_cost~$0.0010 | 8853.2ms
[2026-05-01 22:24:50] [INFO] [query_handler] [69cb67] [5/8] generate_sql | sql_preview=<think>
Okay, let's see. The user is asking, "How many users exist in the system?" So I need to gene | 8853.6ms
[2026-05-01 22:24:50] [WARNING] [query_handler] [69cb67] [5/8] SQL blocked — did not start with SELECT or WITH
[2026-05-01 22:24:50] [INFO] [query_handler] [69cb67] [7/8] build_db_prompt | 0.0ms
[2026-05-01 22:24:50] [INFO] [groq._base_client] Retrying request to /openai/v1/chat/completions in 13.000000 seconds
[2026-05-01 22:25:03] [INFO] [groq._base_client] Retrying request to /openai/v1/chat/completions in 5.000000 seconds
[2026-05-01 22:25:11] [INFO] [llm_service] groq.generate | model=qwen/qwen3-32b | input_tokens=844 | output_tokens=1000 | cost~$0.000401 | total_cost~$0.0014 | 20855.3ms
[2026-05-01 22:25:11] [INFO] [query_handler] [69cb67] [8/8] llm_generate | model=groq | answer_len=4824 | 20855.7ms
[2026-05-01 22:25:11] [INFO] [query_handler] [69cb67] ✓ handle_query complete | confidence=low | total=29871.8ms
[2026-05-01 22:25:11] [INFO] [request] ← POST /query | status=200 | total=29873.6ms
[2026-05-01 22:25:12] [INFO] [request] → POST /query
[2026-05-01 22:25:14] [INFO] [request] → GET /stats
[2026-05-01 22:25:14] [INFO] [request] ← GET /stats | status=200 | total=28.4ms
[2026-05-01 22:25:14] [INFO] [request] → POST /query
[2026-05-01 22:25:19] [INFO] [query_handler] [747bbc] [1/8] sanitize_query | query=Show me all organizations. |0.2ms
[2026-05-01 22:25:19] [INFO] [query_handler] [747bbc] [2/8] get_embedding | 14.7ms
[2026-05-01 22:25:19] [INFO] [query_handler] [747bbc] adaptive_top_k | schema=True | top_k=30
[2026-05-01 22:25:19] [INFO] [query_handler] [747bbc] keyword_route | schema=True (keyword/regex match)
[2026-05-01 22:25:19] [INFO] [query_handler] [747bbc] route | collection=schema | is_schema=True
[2026-05-01 22:25:19] [INFO] [query_handler] [747bbc] [3/8] retrieve | chunks_found=30 | 8.5ms
[2026-05-01 22:25:19] [INFO] [retrieval_service] rerank | candidates=30 | top_n=3 | top_scores=[-4.1375, -4.6712, -5.091] | score_spread=7.2598 | rerank_ms=546.7
[2026-05-01 22:25:19] [INFO] [query_handler] [747bbc] [4/8] rerank | chunks_after=3 | 546.9ms
[2026-05-01 22:25:20] [INFO] [llm_service] groq.generate | model=qwen/qwen3-32b | input_tokens=547 | output_tokens=300 | cost~$0.000156 | total_cost~$0.0002 | 854.1ms
[2026-05-01 22:25:20] [INFO] [query_handler] [747bbc] [5/8] generate_sql | sql_preview=<think>
Okay, the user is asking to show all organizations. Let me check the schema context. The org | 854.5ms
[2026-05-01 22:25:20] [WARNING] [query_handler] [747bbc] [5/8] SQL blocked — did not start with SELECT or WITH
[2026-05-01 22:25:20] [INFO] [query_handler] [747bbc] [7/8] build_db_prompt | 0.0ms
[2026-05-01 22:25:20] [INFO] [groq._base_client] Retrying request to /openai/v1/chat/completions in 15.000000 seconds
[2026-05-01 22:25:37] [INFO] [llm_service] groq.generate | model=qwen/qwen3-32b | input_tokens=546 | output_tokens=476 | cost~$0.000208 | total_cost~$0.0004 | 16619.2ms
[2026-05-01 22:25:37] [INFO] [query_handler] [747bbc] [8/8] llm_generate | model=groq | answer_len=228 | 16621.0ms
[2026-05-01 22:25:37] [INFO] [query_handler] [747bbc] ✓ handle_query complete | confidence=low | total=18047.7ms
[2026-05-01 22:25:37] [INFO] [query_handler] [3174bb] [1/8] sanitize_query | query=How many policies are there in total? |0.0ms
[2026-05-01 22:25:37] [INFO] [query_handler] [3174bb] [2/8] get_embedding | 22.1ms
[2026-05-01 22:25:37] [INFO] [query_handler] [3174bb] adaptive_top_k | schema=True | top_k=30
[2026-05-01 22:25:37] [INFO] [query_handler] [3174bb] keyword_route | schema=True (keyword/regex match)
[2026-05-01 22:25:37] [INFO] [query_handler] [3174bb] route | collection=schema | is_schema=True
[2026-05-01 22:25:37] [INFO] [query_handler] [3174bb] [3/8] retrieve | chunks_found=30 | 6.5ms
[2026-05-01 22:25:37] [INFO] [retrieval_service] rerank | candidates=30 | top_n=3 | top_scores=[-8.7143, -8.9803, -8.9954] | score_spread=2.7414 | rerank_ms=524.4
[2026-05-01 22:25:37] [INFO] [query_handler] [3174bb] [4/8] rerank | chunks_after=3 | 524.6ms
[2026-05-01 22:25:38] [INFO] [groq._base_client] Retrying request to /openai/v1/chat/completions in 2.000000 seconds
[2026-05-01 22:25:43] [INFO] [llm_service] groq.generate | model=qwen/qwen3-32b | input_tokens=719 | output_tokens=300 | cost~$0.000176 | total_cost~$0.0005 | 5565.5ms
[2026-05-01 22:25:43] [INFO] [query_handler] [3174bb] [5/8] generate_sql | sql_preview=<think>
Okay, let's see. The user is asking, "How many policies are there in total?" I need to gener | 5565.9ms
[2026-05-01 22:25:43] [WARNING] [query_handler] [3174bb] [5/8] SQL blocked — did not start with SELECT or WITH
[2026-05-01 22:25:43] [INFO] [query_handler] [3174bb] [7/8] build_db_prompt | 0.0ms
[2026-05-01 22:25:43] [INFO] [groq._base_client] Retrying request to /openai/v1/chat/completions in 14.000000 seconds
[2026-05-01 22:25:59] [INFO] [llm_service] groq.generate | model=qwen/qwen3-32b | input_tokens=718 | output_tokens=454 | cost~$0.000222 | total_cost~$0.0008 | 15892.7ms
[2026-05-01 22:25:59] [INFO] [query_handler] [3174bb] [8/8] llm_generate | model=groq | answer_len=110 | 15894.3ms
[2026-05-01 22:25:59] [INFO] [query_handler] [3174bb] ✓ handle_query complete | confidence=low | total=22015.3ms
[2026-05-01 22:25:59] [INFO] [request] ← POST /query | status=200 | total=46561.8ms
[2026-05-01 22:25:59] [INFO] [request] ← POST /query | status=200 | total=44439.6ms
[2026-05-01 22:26:00] [INFO] [request] → POST /query
[2026-05-01 22:26:00] [INFO] [query_handler] [a24799] [1/8] sanitize_query | query=What are all the compliance frameworks in the system? |0.0ms
[2026-05-01 22:26:00] [INFO] [query_handler] [a24799] [2/8] get_embedding | 10.5ms
[2026-05-01 22:26:00] [INFO] [query_handler] SemanticRouter | building intent centroids ...
[2026-05-01 22:26:00] [INFO] [query_handler] SemanticRouter | centroids ready.
[2026-05-01 22:26:00] [INFO] [query_handler] [a24799] semantic_route | route=schema | schema_score=0.3009 | irs_score=0.2024
[2026-05-01 22:26:00] [INFO] [query_handler] [a24799] route | collection=schema | is_schema=True
[2026-05-01 22:26:00] [INFO] [query_handler] [a24799] [3/8] retrieve | chunks_found=20 | 5.3ms
[2026-05-01 22:26:01] [INFO] [retrieval_service] rerank | candidates=20 | top_n=3 | top_scores=[5.1208, 3.7762, 2.9789] | score_spread=14.0896 | rerank_ms=334.1
[2026-05-01 22:26:01] [INFO] [query_handler] [a24799] [4/8] rerank | chunks_after=3 | 334.3ms
[2026-05-01 22:26:02] [INFO] [llm_service] groq.generate | model=qwen/qwen3-32b | input_tokens=668 | output_tokens=256 | cost~$0.000157 | total_cost~$0.0009 | 718.6ms
[2026-05-01 22:26:02] [INFO] [query_handler] [a24799] [5/8] generate_sql | sql_preview=SELECT * FROM compliance_platform_v3.frameworks LIMIT 50; | 719.0ms
[2026-05-01 22:26:02] [ERROR] [services.rag_services.database_service] SQL execution error: (pymysql.err.OperationalError) (1045, "Access denied for user 'freedb_maryum'@'103.126.34.30' (using password: YES)")
(Background on this error at: https://sqlalche.me/e/20/e3q8)
[2026-05-01 22:26:02] [INFO] [query_handler] [a24799] [6/8] execute_query | rows=0 | error=True | 828.1ms
[2026-05-01 22:26:02] [INFO] [query_handler] [a24799] [7/8] build_db_prompt | 0.0ms
[2026-05-01 22:26:02] [INFO] [groq._base_client] Retrying request to /openai/v1/chat/completions in 17.000000 seconds
[2026-05-01 22:26:20] [INFO] [llm_service] groq.generate | model=qwen/qwen3-32b | input_tokens=837 | output_tokens=278 | cost~$0.000184 | total_cost~$0.0011 | 17837.5ms
[2026-05-01 22:26:20] [INFO] [query_handler] [a24799] [8/8] llm_generate | model=groq | answer_len=185 | 17837.8ms
[2026-05-01 22:26:20] [INFO] [query_handler] [a24799] ✓ handle_query complete | confidence=high | total=19970.6ms
[2026-05-01 22:26:20] [INFO] [request] ← POST /query | status=200 | total=19972.8ms
[2026-05-01 22:26:20] [INFO] [request] → POST /query
[2026-05-01 22:26:20] [INFO] [query_handler] [f54277] [1/8] sanitize_query | query=List all published policies. |0.0ms
[2026-05-01 22:26:20] [INFO] [query_handler] [f54277] [2/8] get_embedding | 12.8ms
[2026-05-01 22:26:20] [INFO] [query_handler] [f54277] adaptive_top_k | schema=True | top_k=30
[2026-05-01 22:26:20] [INFO] [query_handler] [f54277] keyword_route | schema=True (keyword/regex match)
[2026-05-01 22:26:20] [INFO] [query_handler] [f54277] route | collection=schema | is_schema=True
[2026-05-01 22:26:20] [INFO] [query_handler] [f54277] [3/8] retrieve | chunks_found=30 | 7.1ms
[2026-05-01 22:26:21] [INFO] [retrieval_service] rerank | candidates=30 | top_n=3 | top_scores=[-4.3622, -5.646, -6.8407] | score_spread=7.0451 | rerank_ms=774.4
[2026-05-01 22:26:21] [INFO] [query_handler] [f54277] [4/8] rerank | chunks_after=3 | 774.6ms
[2026-05-01 22:26:21] [INFO] [groq._base_client] Retrying request to /openai/v1/chat/completions in 1.000000 seconds
[2026-05-01 22:26:23] [INFO] [llm_service] groq.generate | model=qwen/qwen3-32b | input_tokens=716 | output_tokens=300 | cost~$0.000176 | total_cost~$0.0013 | 1854.3ms
[2026-05-01 22:26:23] [INFO] [query_handler] [f54277] [5/8] generate_sql | sql_preview=<think>
Okay, let's see. The user is asking to list all published policies. First, I need to figure  | 1854.7ms
[2026-05-01 22:26:23] [WARNING] [query_handler] [f54277] [5/8] SQL blocked — did not start with SELECT or WITH
[2026-05-01 22:26:23] [INFO] [query_handler] [f54277] [7/8] build_db_prompt | 0.0ms
[2026-05-01 22:26:23] [INFO] [groq._base_client] Retrying request to /openai/v1/chat/completions in 16.000000 seconds
[2026-05-01 22:26:42] [INFO] [llm_service] groq.generate | model=qwen/qwen3-32b | input_tokens=715 | output_tokens=470 | cost~$0.000227 | total_cost~$0.0015 | 19311.3ms
[2026-05-01 22:26:42] [INFO] [query_handler] [f54277] [8/8] llm_generate | model=groq | answer_len=310 | 19312.5ms
[2026-05-01 22:26:42] [INFO] [query_handler] [f54277] ✓ handle_query complete | confidence=low | total=21963.1ms
[2026-05-01 22:26:42] [INFO] [request] ← POST /query | status=200 | total=21964.8ms
[2026-05-01 22:27:08] [INFO] [request] → GET /stats
[2026-05-01 22:27:08] [INFO] [request] ← GET /stats | status=200 | total=23.7ms
[2026-05-01 22:27:08] [INFO] [request] → POST /query
[2026-05-01 22:27:17] [INFO] [query_handler] [e582d8] [1/8] sanitize_query | query=How many policies are there in total? |0.3ms
[2026-05-01 22:27:17] [INFO] [query_handler] [e582d8] [2/8] get_embedding | 16.8ms
[2026-05-01 22:27:17] [INFO] [query_handler] [e582d8] adaptive_top_k | schema=True | top_k=30
[2026-05-01 22:27:17] [INFO] [query_handler] [e582d8] keyword_route | schema=True (keyword/regex match)
[2026-05-01 22:27:17] [INFO] [query_handler] [e582d8] route | collection=schema | is_schema=True
[2026-05-01 22:27:17] [INFO] [query_handler] [e582d8] [3/8] retrieve | chunks_found=30 | 6.8ms
[2026-05-01 22:27:18] [INFO] [retrieval_service] rerank | candidates=30 | top_n=3 | top_scores=[-8.7143, -8.9803, -8.9954] | score_spread=2.7414 | rerank_ms=668.1
[2026-05-01 22:27:18] [INFO] [query_handler] [e582d8] [4/8] rerank | chunks_after=3 | 668.5ms
[2026-05-01 22:27:19] [INFO] [llm_service] groq.generate | model=qwen/qwen3-32b | input_tokens=719 | output_tokens=300 | cost~$0.000176 | total_cost~$0.0002 | 1358.2ms
[2026-05-01 22:27:19] [INFO] [query_handler] [e582d8] [5/8] generate_sql | sql_preview= | 1358.9ms
[2026-05-01 22:27:19] [WARNING] [query_handler] [e582d8] [5/8] SQL blocked — did not start with SELECT or WITH
[2026-05-01 22:27:19] [INFO] [query_handler] [e582d8] [7/8] build_db_prompt | 0.0ms
[2026-05-01 22:27:22] [INFO] [llm_service] groq.generate | model=qwen/qwen3-32b | input_tokens=718 | output_tokens=590 | cost~$0.000263 | total_cost~$0.0004 | 2109.5ms
[2026-05-01 22:27:22] [INFO] [query_handler] [e582d8] [8/8] llm_generate | model=groq | answer_len=117 | 2110.1ms
[2026-05-01 22:27:22] [INFO] [query_handler] [e582d8] ✓ handle_query complete | confidence=low | total=4167.2ms
[2026-05-01 22:27:22] [INFO] [request] ← POST /query | status=200 | total=13082.6ms
[2026-05-01 22:27:23] [INFO] [request] → POST /query
[2026-05-01 22:27:23] [INFO] [query_handler] [08c544] [1/8] sanitize_query | query=List all published policies. |0.0ms
[2026-05-01 22:27:23] [INFO] [query_handler] [08c544] [2/8] get_embedding | 11.5ms
[2026-05-01 22:27:23] [INFO] [query_handler] [08c544] adaptive_top_k | schema=True | top_k=30
[2026-05-01 22:27:23] [INFO] [query_handler] [08c544] keyword_route | schema=True (keyword/regex match)
[2026-05-01 22:27:23] [INFO] [query_handler] [08c544] route | collection=schema | is_schema=True
[2026-05-01 22:27:23] [INFO] [query_handler] [08c544] [3/8] retrieve | chunks_found=30 | 5.7ms
[2026-05-01 22:27:24] [INFO] [retrieval_service] rerank | candidates=30 | top_n=3 | top_scores=[-4.3622, -5.646, -6.8407] | score_spread=7.0451 | rerank_ms=720.8
[2026-05-01 22:27:24] [INFO] [query_handler] [08c544] [4/8] rerank | chunks_after=3 | 721.0ms
[2026-05-01 22:27:25] [INFO] [llm_service] groq.generate | model=qwen/qwen3-32b | input_tokens=716 | output_tokens=300 | cost~$0.000176 | total_cost~$0.0006 | 806.4ms
[2026-05-01 22:27:25] [INFO] [query_handler] [08c544] [5/8] generate_sql | sql_preview= | 806.9ms
[2026-05-01 22:27:25] [WARNING] [query_handler] [08c544] [5/8] SQL blocked — did not start with SELECT or WITH
[2026-05-01 22:27:25] [INFO] [query_handler] [08c544] [7/8] build_db_prompt | 0.0ms
[2026-05-01 22:27:26] [INFO] [llm_service] groq.generate | model=qwen/qwen3-32b | input_tokens=715 | output_tokens=542 | cost~$0.000248 | total_cost~$0.0009 | 1637.6ms
[2026-05-01 22:27:26] [INFO] [query_handler] [08c544] [8/8] llm_generate | model=groq | answer_len=198 | 1637.9ms
[2026-05-01 22:27:26] [INFO] [query_handler] [08c544] ✓ handle_query complete | confidence=low | total=3184.3ms
[2026-05-01 22:27:26] [INFO] [request] ← POST /query | status=200 | total=3186.1ms
[2026-05-01 22:27:28] [INFO] [request] → POST /query
[2026-05-01 22:27:28] [INFO] [query_handler] [653569] [1/8] sanitize_query | query=How many users exist in the system? |0.0ms
[2026-05-01 22:27:28] [INFO] [query_handler] [653569] [2/8] get_embedding | 13.1ms
[2026-05-01 22:27:28] [INFO] [query_handler] [653569] adaptive_top_k | schema=True | top_k=30
[2026-05-01 22:27:28] [INFO] [query_handler] [653569] keyword_route | schema=True (keyword/regex match)
[2026-05-01 22:27:28] [INFO] [query_handler] [653569] route | collection=schema | is_schema=True
[2026-05-01 22:27:28] [INFO] [query_handler] [653569] [3/8] retrieve | chunks_found=9 | 6.3ms
[2026-05-01 22:27:28] [INFO] [retrieval_service] rerank | candidates=9 | top_n=3 | top_scores=[-8.188, -8.3471, -9.9025] | score_spread=3.1261 | rerank_ms=151.4
[2026-05-01 22:27:28] [INFO] [query_handler] [653569] [4/8] rerank | chunks_after=3 | 151.6ms
[2026-05-01 22:27:28] [INFO] [groq._base_client] Retrying request to /openai/v1/chat/completions in 1.000000 seconds
[2026-05-01 22:27:30] [INFO] [llm_service] groq.generate | model=qwen/qwen3-32b | input_tokens=676 | output_tokens=300 | cost~$0.000171 | total_cost~$0.0010 | 2413.8ms
[2026-05-01 22:27:30] [INFO] [query_handler] [653569] [5/8] generate_sql | sql_preview= | 2414.1ms
[2026-05-01 22:27:30] [WARNING] [query_handler] [653569] [5/8] SQL blocked — did not start with SELECT or WITH
[2026-05-01 22:27:30] [INFO] [query_handler] [653569] [7/8] build_db_prompt | 0.0ms
[2026-05-01 22:27:30] [INFO] [groq._base_client] Retrying request to /openai/v1/chat/completions in 11.000000 seconds
[2026-05-01 22:27:41] [INFO] [groq._base_client] Retrying request to /openai/v1/chat/completions in 7.000000 seconds
[2026-05-01 22:27:50] [INFO] [llm_service] groq.generate | model=qwen/qwen3-32b | input_tokens=844 | output_tokens=450 | cost~$0.000236 | total_cost~$0.0013 | 19347.3ms
[2026-05-01 22:27:50] [INFO] [query_handler] [653569] [8/8] llm_generate | model=groq | answer_len=211 | 19347.6ms
[2026-05-01 22:27:50] [INFO] [query_handler] [653569] ✓ handle_query complete | confidence=low | total=21934.1ms
[2026-05-01 22:27:50] [INFO] [request] ← POST /query | status=200 | total=21935.8ms
[2026-05-01 22:27:51] [INFO] [request] → POST /query
[2026-05-01 22:27:51] [INFO] [query_handler] [e66399] [1/8] sanitize_query | query=Show me all organizations. |0.0ms
[2026-05-01 22:27:51] [INFO] [query_handler] [e66399] [2/8] get_embedding | 10.1ms
[2026-05-01 22:27:51] [INFO] [query_handler] [e66399] adaptive_top_k | schema=True | top_k=30
[2026-05-01 22:27:51] [INFO] [query_handler] [e66399] keyword_route | schema=True (keyword/regex match)
[2026-05-01 22:27:51] [INFO] [query_handler] [e66399] route | collection=schema | is_schema=True
[2026-05-01 22:27:51] [INFO] [query_handler] [e66399] [3/8] retrieve | chunks_found=30 | 7.2ms
[2026-05-01 22:27:52] [INFO] [retrieval_service] rerank | candidates=30 | top_n=3 | top_scores=[-4.1375, -4.6712, -5.091] | score_spread=7.2598 | rerank_ms=397.1
[2026-05-01 22:27:52] [INFO] [query_handler] [e66399] [4/8] rerank | chunks_after=3 | 397.3ms
[2026-05-01 22:27:52] [INFO] [llm_service] groq.generate | model=qwen/qwen3-32b | input_tokens=547 | output_tokens=280 | cost~$0.000150 | total_cost~$0.0014 | 733.1ms
[2026-05-01 22:27:52] [INFO] [query_handler] [e66399] [5/8] generate_sql | sql_preview=SELECT * FROM organizations LIMIT 50; | 733.4ms
[2026-05-01 22:27:53] [ERROR] [services.rag_services.database_service] SQL execution error: (pymysql.err.OperationalError) (1045, "Access denied for user 'freedb_maryum'@'103.126.34.30' (using password: YES)")
(Background on this error at: https://sqlalche.me/e/20/e3q8)
[2026-05-01 22:27:53] [INFO] [query_handler] [e66399] [6/8] execute_query | rows=0 | error=True | 764.6ms
[2026-05-01 22:27:53] [INFO] [query_handler] [e66399] [7/8] build_db_prompt | 0.0ms
[2026-05-01 22:27:53] [INFO] [groq._base_client] Retrying request to /openai/v1/chat/completions in 13.000000 seconds
[2026-05-01 22:28:07] [INFO] [llm_service] groq.generate | model=qwen/qwen3-32b | input_tokens=547 | output_tokens=465 | cost~$0.000205 | total_cost~$0.0016 | 14334.0ms
[2026-05-01 22:28:07] [INFO] [query_handler] [e66399] [8/8] llm_generate | model=groq | answer_len=265 | 14334.3ms
[2026-05-01 22:28:07] [INFO] [query_handler] [e66399] ✓ handle_query complete | confidence=low | total=16247.9ms
[2026-05-01 22:28:07] [INFO] [request] ← POST /query | status=200 | total=16249.2ms
[2026-05-01 22:28:09] [INFO] [request] → POST /query
[2026-05-01 22:28:09] [INFO] [query_handler] [2224c9] [1/8] sanitize_query | query=What are all the compliance frameworks in the system? |0.0ms
[2026-05-01 22:28:09] [INFO] [query_handler] [2224c9] [2/8] get_embedding | 6.7ms
[2026-05-01 22:28:09] [INFO] [query_handler] SemanticRouter | building intent centroids ...
[2026-05-01 22:28:09] [INFO] [query_handler] SemanticRouter | centroids ready.
[2026-05-01 22:28:09] [INFO] [query_handler] [2224c9] semantic_route | route=schema | schema_score=0.3009 | irs_score=0.2024
[2026-05-01 22:28:09] [INFO] [query_handler] [2224c9] route | collection=schema | is_schema=True
[2026-05-01 22:28:09] [INFO] [query_handler] [2224c9] [3/8] retrieve | chunks_found=20 | 5.2ms
[2026-05-01 22:28:10] [INFO] [retrieval_service] rerank | candidates=20 | top_n=3 | top_scores=[5.1208, 3.7762, 2.9789] | score_spread=14.0896 | rerank_ms=331.8
[2026-05-01 22:28:10] [INFO] [query_handler] [2224c9] [4/8] rerank | chunks_after=3 | 332.1ms
[2026-05-01 22:28:10] [INFO] [groq._base_client] Retrying request to /openai/v1/chat/completions in 1.000000 seconds
[2026-05-01 22:28:11] [INFO] [llm_service] groq.generate | model=qwen/qwen3-32b | input_tokens=668 | output_tokens=273 | cost~$0.000162 | total_cost~$0.0018 | 1676.4ms
[2026-05-01 22:28:11] [INFO] [query_handler] [2224c9] [5/8] generate_sql | sql_preview=SELECT * FROM compliance_platform_v3.frameworks LIMIT 50; | 1676.8ms
[2026-05-01 22:28:12] [ERROR] [services.rag_services.database_service] SQL execution error: (pymysql.err.OperationalError) (1045, "Access denied for user 'freedb_maryum'@'103.126.34.30' (using password: YES)")
(Background on this error at: https://sqlalche.me/e/20/e3q8)
[2026-05-01 22:28:12] [INFO] [query_handler] [2224c9] [6/8] execute_query | rows=0 | error=True | 852.3ms
[2026-05-01 22:28:12] [INFO] [query_handler] [2224c9] [7/8] build_db_prompt | 0.0ms
[2026-05-01 22:28:12] [INFO] [groq._base_client] Retrying request to /openai/v1/chat/completions in 17.000000 seconds
[2026-05-01 22:28:30] [INFO] [llm_service] groq.generate | model=qwen/qwen3-32b | input_tokens=837 | output_tokens=339 | cost~$0.000202 | total_cost~$0.0020 | 18091.5ms
[2026-05-01 22:28:30] [INFO] [query_handler] [2224c9] [8/8] llm_generate | model=groq | answer_len=261 | 18091.7ms
[2026-05-01 22:28:30] [INFO] [query_handler] [2224c9] ✓ handle_query complete | confidence=high | total=21178.0ms
[2026-05-01 22:28:30] [INFO] [request] ← POST /query | status=200 | total=21179.3ms
[2026-05-01 22:28:44] [INFO] [request] → POST /query
[2026-05-01 22:28:48] [INFO] [request] → GET /stats
[2026-05-01 22:28:48] [INFO] [request] ← GET /stats | status=200 | total=4.8ms
[2026-05-01 22:28:51] [INFO] [query_handler] [de9aec] [1/8] sanitize_query | query=For each organization, how many open risks do they have? Show org name and count, ordered by most risks first. |0.2ms
[2026-05-01 22:28:51] [INFO] [query_handler] [de9aec] [2/8] get_embedding | 11.5ms
[2026-05-01 22:28:51] [INFO] [query_handler] [de9aec] adaptive_top_k | schema=True | top_k=30
[2026-05-01 22:28:51] [INFO] [query_handler] [de9aec] keyword_route | schema=True (keyword/regex match)
[2026-05-01 22:28:51] [INFO] [query_handler] [de9aec] route | collection=schema | is_schema=True
[2026-05-01 22:28:51] [INFO] [query_handler] [de9aec] [3/8] retrieve | chunks_found=30 | 5.4ms
[2026-05-01 22:28:51] [INFO] [retrieval_service] rerank | candidates=30 | top_n=3 | top_scores=[2.8202, -0.8488, -3.6994] | score_spread=14.2513 | rerank_ms=513.7
[2026-05-01 22:28:51] [INFO] [query_handler] [de9aec] [4/8] rerank | chunks_after=3 | 513.9ms
[2026-05-01 22:28:52] [INFO] [llm_service] groq.generate | model=qwen/qwen3-32b | input_tokens=888 | output_tokens=51 | cost~$0.000122 | total_cost~$0.0001 | 329.2ms
[2026-05-01 22:28:52] [INFO] [query_handler] [de9aec] [5/8] generate_sql | sql_preview=SELECT o.name, COUNT(*) AS open_risks FROM risks r JOIN organizations o ON r.org_id = o.org_id WHERE | 329.8ms
[2026-05-01 22:28:56] [ERROR] [services.rag_services.database_service] SQL execution error: (pymysql.err.OperationalError) (1045, "Access denied for user 'freedb_maryum'@'103.126.34.30' (using password: YES)")
(Background on this error at: https://sqlalche.me/e/20/e3q8)
[2026-05-01 22:28:56] [INFO] [query_handler] [de9aec] [6/8] execute_query | rows=0 | error=True | 4593.6ms
[2026-05-01 22:28:56] [INFO] [query_handler] [de9aec] [7/8] build_db_prompt | 0.1ms
[2026-05-01 22:28:56] [INFO] [groq._base_client] Retrying request to /openai/v1/chat/completions in 3.000000 seconds
[2026-05-01 22:29:01] [INFO] [llm_service] groq.generate | model=qwen/qwen3-32b | input_tokens=1855 | output_tokens=655 | cost~$0.000419 | total_cost~$0.0005 | 4623.4ms
[2026-05-01 22:29:01] [INFO] [query_handler] [de9aec] [8/8] llm_generate | model=groq | answer_len=102 | 4624.0ms
[2026-05-01 22:29:01] [INFO] [query_handler] [de9aec] ✓ handle_query complete | confidence=low | total=10080.3ms
[2026-05-01 22:29:01] [INFO] [request] ← POST /query | status=200 | total=17204.4ms
[2026-05-01 22:29:01] [INFO] [request] → GET /stats
[2026-05-01 22:29:01] [INFO] [request] ← GET /stats | status=200 | total=7.8ms
[2026-05-01 22:29:02] [INFO] [request] → POST /query
[2026-05-01 22:29:03] [INFO] [query_handler] [93b9fd] [1/8] sanitize_query | query=Which frameworks have the most controls mapped to them, and how many findings are associated with those controls? |0.0ms
[2026-05-01 22:29:03] [INFO] [query_handler] [93b9fd] [2/8] get_embedding | 13.0ms
[2026-05-01 22:29:03] [INFO] [query_handler] [93b9fd] adaptive_top_k | schema=True | top_k=30
[2026-05-01 22:29:03] [INFO] [query_handler] [93b9fd] keyword_route | schema=True (keyword/regex match)
[2026-05-01 22:29:03] [INFO] [query_handler] [93b9fd] route | collection=schema | is_schema=True
[2026-05-01 22:29:03] [INFO] [query_handler] [93b9fd] [3/8] retrieve | chunks_found=20 | 5.7ms
[2026-05-01 22:29:03] [INFO] [retrieval_service] rerank | candidates=20 | top_n=3 | top_scores=[-0.0817, -0.5808, -1.4762] | score_spread=10.6509 | rerank_ms=349.5
[2026-05-01 22:29:03] [INFO] [query_handler] [93b9fd] [4/8] rerank | chunks_after=3 | 349.7ms
[2026-05-01 22:29:04] [INFO] [groq._base_client] Retrying request to /openai/v1/chat/completions in 10.000000 seconds
[2026-05-01 22:29:14] [INFO] [llm_service] groq.generate | model=qwen/qwen3-32b | input_tokens=771 | output_tokens=201 | cost~$0.000153 | total_cost~$0.0007 | 11405.0ms
[2026-05-01 22:29:14] [INFO] [query_handler] [93b9fd] [5/8] generate_sql | sql_preview=WITH control_counts AS (
    SELECT c.framework_id, COUNT(c.control_id) AS control_count
    FROM co | 11405.2ms
[2026-05-01 22:29:15] [ERROR] [services.rag_services.database_service] SQL execution error: (pymysql.err.OperationalError) (1045, "Access denied for user 'freedb_maryum'@'103.126.34.30' (using password: YES)")
(Background on this error at: https://sqlalche.me/e/20/e3q8)
[2026-05-01 22:29:15] [INFO] [query_handler] [93b9fd] [6/8] execute_query | rows=0 | error=True | 814.5ms
[2026-05-01 22:29:15] [INFO] [query_handler] [93b9fd] [7/8] build_db_prompt | 0.1ms
[2026-05-01 22:29:15] [INFO] [groq._base_client] Retrying request to /openai/v1/chat/completions in 12.000000 seconds
[2026-05-01 22:29:29] [INFO] [llm_service] groq.generate | model=qwen/qwen3-32b | input_tokens=1095 | output_tokens=649 | cost~$0.000326 | total_cost~$0.0010 | 13924.5ms
[2026-05-01 22:29:29] [INFO] [query_handler] [93b9fd] [8/8] llm_generate | model=groq | answer_len=461 | 13925.9ms
[2026-05-01 22:29:29] [INFO] [query_handler] [93b9fd] ✓ handle_query complete | confidence=low | total=26516.1ms
[2026-05-01 22:29:29] [INFO] [request] ← POST /query | status=200 | total=26518.5ms
[2026-05-01 22:29:29] [INFO] [request] → GET /stats
[2026-05-01 22:29:29] [INFO] [request] ← GET /stats | status=200 | total=5.6ms
[2026-05-01 22:29:32] [INFO] [request] → POST /query
[2026-05-01 22:29:32] [INFO] [query_handler] [a454a9] [1/8] sanitize_query | query=How many policies are there in total? |0.0ms
[2026-05-01 22:29:32] [INFO] [query_handler] [a454a9] [2/8] get_embedding | 12.5ms
[2026-05-01 22:29:32] [INFO] [query_handler] [a454a9] adaptive_top_k | schema=True | top_k=30
[2026-05-01 22:29:32] [INFO] [query_handler] [a454a9] keyword_route | schema=True (keyword/regex match)
[2026-05-01 22:29:32] [INFO] [query_handler] [a454a9] route | collection=schema | is_schema=True
[2026-05-01 22:29:32] [INFO] [query_handler] [a454a9] [3/8] retrieve | chunks_found=30 | 5.2ms
[2026-05-01 22:29:33] [INFO] [retrieval_service] rerank | candidates=30 | top_n=3 | top_scores=[-8.7143, -8.9803, -8.9954] | score_spread=2.7414 | rerank_ms=386.7
[2026-05-01 22:29:33] [INFO] [query_handler] [a454a9] [4/8] rerank | chunks_after=3 | 386.9ms
[2026-05-01 22:29:33] [INFO] [groq._base_client] Retrying request to /openai/v1/chat/completions in 8.000000 seconds
[2026-05-01 22:29:41] [INFO] [llm_service] groq.generate | model=qwen/qwen3-32b | input_tokens=729 | output_tokens=15 | cost~$0.000092 | total_cost~$0.0011 | 8199.2ms
[2026-05-01 22:29:41] [INFO] [query_handler] [a454a9] [5/8] generate_sql | sql_preview=SELECT COUNT(*) FROM policies LIMIT 50; | 8199.6ms
[2026-05-01 22:29:41] [ERROR] [services.rag_services.database_service] SQL execution error: (pymysql.err.OperationalError) (2003, "Can't connect to MySQL server on 'sql.freedb.tech' ([Errno 61] Connection refused)")
(Background on this error at: https://sqlalche.me/e/20/e3q8)
[2026-05-01 22:29:41] [INFO] [query_handler] [a454a9] [6/8] execute_query | rows=0 | error=True | 208.4ms
[2026-05-01 22:29:41] [INFO] [query_handler] [a454a9] [7/8] build_db_prompt | 0.0ms
[2026-05-01 22:29:41] [INFO] [groq._base_client] Retrying request to /openai/v1/chat/completions in 7.000000 seconds
[2026-05-01 22:29:50] [INFO] [llm_service] groq.generate | model=qwen/qwen3-32b | input_tokens=719 | output_tokens=202 | cost~$0.000147 | total_cost~$0.0013 | 8980.8ms
[2026-05-01 22:29:50] [INFO] [query_handler] [a454a9] [8/8] llm_generate | model=groq | answer_len=160 | 8981.4ms
[2026-05-01 22:29:50] [INFO] [query_handler] [a454a9] ✓ handle_query complete | confidence=low | total=17795.1ms
[2026-05-01 22:29:50] [INFO] [request] ← POST /query | status=200 | total=17796.2ms
[2026-05-01 22:29:52] [INFO] [request] → POST /query
[2026-05-01 22:29:52] [INFO] [query_handler] [50517e] [1/8] sanitize_query | query=List all published policies. |0.0ms
[2026-05-01 22:29:52] [INFO] [query_handler] [50517e] [2/8] get_embedding | 9.5ms
[2026-05-01 22:29:52] [INFO] [query_handler] [50517e] adaptive_top_k | schema=True | top_k=30
[2026-05-01 22:29:52] [INFO] [query_handler] [50517e] keyword_route | schema=True (keyword/regex match)
[2026-05-01 22:29:52] [INFO] [query_handler] [50517e] route | collection=schema | is_schema=True
[2026-05-01 22:29:52] [INFO] [query_handler] [50517e] [3/8] retrieve | chunks_found=30 | 6.4ms
[2026-05-01 22:29:53] [INFO] [retrieval_service] rerank | candidates=30 | top_n=3 | top_scores=[-4.3622, -5.646, -6.8407] | score_spread=7.0451 | rerank_ms=1035.9
[2026-05-01 22:29:53] [INFO] [query_handler] [50517e] [4/8] rerank | chunks_after=3 | 1036.1ms
[2026-05-01 22:29:53] [INFO] [groq._base_client] Retrying request to /openai/v1/chat/completions in 4.000000 seconds
[2026-05-01 22:29:57] [INFO] [llm_service] groq.generate | model=qwen/qwen3-32b | input_tokens=726 | output_tokens=20 | cost~$0.000093 | total_cost~$0.0014 | 4314.7ms
[2026-05-01 22:29:57] [INFO] [query_handler] [50517e] [5/8] generate_sql | sql_preview=SELECT * FROM policies WHERE status = 'active' LIMIT 50; | 4315.2ms
[2026-05-01 22:29:57] [ERROR] [services.rag_services.database_service] SQL execution error: (pymysql.err.OperationalError) (2003, "Can't connect to MySQL server on 'sql.freedb.tech' ([Errno 61] Connection refused)")
(Background on this error at: https://sqlalche.me/e/20/e3q8)
[2026-05-01 22:29:57] [INFO] [query_handler] [50517e] [6/8] execute_query | rows=0 | error=True | 214.9ms
[2026-05-01 22:29:57] [INFO] [query_handler] [50517e] [7/8] build_db_prompt | 0.0ms
[2026-05-01 22:29:57] [INFO] [groq._base_client] Retrying request to /openai/v1/chat/completions in 7.000000 seconds
[2026-05-01 22:30:05] [INFO] [llm_service] groq.generate | model=qwen/qwen3-32b | input_tokens=716 | output_tokens=283 | cost~$0.000171 | total_cost~$0.0015 | 7969.2ms
[2026-05-01 22:30:05] [INFO] [query_handler] [50517e] [8/8] llm_generate | model=groq | answer_len=313 | 7969.6ms
[2026-05-01 22:30:05] [INFO] [query_handler] [50517e] ✓ handle_query complete | confidence=low | total=13553.0ms
[2026-05-01 22:30:05] [INFO] [request] ← POST /query | status=200 | total=13554.4ms
[2026-05-01 22:30:07] [INFO] [request] → POST /query
[2026-05-01 22:30:07] [INFO] [query_handler] [997144] [1/8] sanitize_query | query=How many users exist in the system? |0.0ms
[2026-05-01 22:30:07] [INFO] [query_handler] [997144] [2/8] get_embedding | 12.2ms
[2026-05-01 22:30:07] [INFO] [query_handler] [997144] adaptive_top_k | schema=True | top_k=30
[2026-05-01 22:30:07] [INFO] [query_handler] [997144] keyword_route | schema=True (keyword/regex match)
[2026-05-01 22:30:07] [INFO] [query_handler] [997144] route | collection=schema | is_schema=True
[2026-05-01 22:30:07] [INFO] [query_handler] [997144] [3/8] retrieve | chunks_found=9 | 5.3ms
[2026-05-01 22:30:07] [INFO] [retrieval_service] rerank | candidates=9 | top_n=3 | top_scores=[-8.188, -8.3471, -9.9025] | score_spread=3.1261 | rerank_ms=201.4
[2026-05-01 22:30:07] [INFO] [query_handler] [997144] [4/8] rerank | chunks_after=3 | 201.6ms
[2026-05-01 22:30:07] [INFO] [groq._base_client] Retrying request to /openai/v1/chat/completions in 7.000000 seconds
[2026-05-01 22:30:14] [INFO] [llm_service] groq.generate | model=qwen/qwen3-32b | input_tokens=686 | output_tokens=11 | cost~$0.000086 | total_cost~$0.0016 | 7186.6ms
[2026-05-01 22:30:14] [INFO] [query_handler] [997144] [5/8] generate_sql | sql_preview=SELECT COUNT(*) FROM users; | 7187.0ms
[2026-05-01 22:30:14] [ERROR] [services.rag_services.database_service] SQL execution error: (pymysql.err.OperationalError) (2003, "Can't connect to MySQL server on 'sql.freedb.tech' ([Errno 61] Connection refused)")
(Background on this error at: https://sqlalche.me/e/20/e3q8)
[2026-05-01 22:30:14] [INFO] [query_handler] [997144] [6/8] execute_query | rows=0 | error=True | 201.8ms
[2026-05-01 22:30:14] [INFO] [query_handler] [997144] [7/8] build_db_prompt | 0.0ms
[2026-05-01 22:30:14] [INFO] [groq._base_client] Retrying request to /openai/v1/chat/completions in 8.000000 seconds
[2026-05-01 22:30:25] [INFO] [llm_service] groq.generate | model=qwen/qwen3-32b | input_tokens=845 | output_tokens=928 | cost~$0.000380 | total_cost~$0.0020 | 10448.9ms
[2026-05-01 22:30:25] [INFO] [query_handler] [997144] [8/8] llm_generate | model=groq | answer_len=111 | 10449.4ms
[2026-05-01 22:30:25] [INFO] [query_handler] [997144] ✓ handle_query complete | confidence=low | total=18058.6ms
[2026-05-01 22:30:25] [INFO] [request] ← POST /query | status=200 | total=18060.2ms
[2026-05-01 22:30:26] [INFO] [request] → POST /query
[2026-05-01 22:30:26] [INFO] [query_handler] [bae372] [1/8] sanitize_query | query=Show me all organizations. |0.0ms
[2026-05-01 22:30:26] [INFO] [query_handler] [bae372] [2/8] get_embedding | 9.4ms
[2026-05-01 22:30:26] [INFO] [query_handler] [bae372] adaptive_top_k | schema=True | top_k=30
[2026-05-01 22:30:26] [INFO] [query_handler] [bae372] keyword_route | schema=True (keyword/regex match)
[2026-05-01 22:30:26] [INFO] [query_handler] [bae372] route | collection=schema | is_schema=True
[2026-05-01 22:30:26] [INFO] [query_handler] [bae372] [3/8] retrieve | chunks_found=30 | 4.6ms
[2026-05-01 22:30:27] [INFO] [retrieval_service] rerank | candidates=30 | top_n=3 | top_scores=[-4.1375, -4.6712, -5.091] | score_spread=7.2598 | rerank_ms=688.0
[2026-05-01 22:30:27] [INFO] [query_handler] [bae372] [4/8] rerank | chunks_after=3 | 688.2ms
[2026-05-01 22:30:27] [INFO] [groq._base_client] Retrying request to /openai/v1/chat/completions in 10.000000 seconds
[2026-05-01 22:30:37] [INFO] [llm_service] groq.generate | model=qwen/qwen3-32b | input_tokens=557 | output_tokens=19 | cost~$0.000073 | total_cost~$0.0021 | 10302.2ms
[2026-05-01 22:30:37] [INFO] [query_handler] [bae372] [5/8] generate_sql | sql_preview=SELECT org_id, name, country FROM organizations LIMIT 50; | 10302.6ms
[2026-05-01 22:30:37] [ERROR] [services.rag_services.database_service] SQL execution error: (pymysql.err.OperationalError) (2003, "Can't connect to MySQL server on 'sql.freedb.tech' ([Errno 61] Connection refused)")
(Background on this error at: https://sqlalche.me/e/20/e3q8)
[2026-05-01 22:30:37] [INFO] [query_handler] [bae372] [6/8] execute_query | rows=0 | error=True | 201.8ms
[2026-05-01 22:30:37] [INFO] [query_handler] [bae372] [7/8] build_db_prompt | 0.0ms
[2026-05-01 22:30:37] [INFO] [groq._base_client] Retrying request to /openai/v1/chat/completions in 6.000000 seconds
[2026-05-01 22:30:45] [INFO] [llm_service] groq.generate | model=qwen/qwen3-32b | input_tokens=547 | output_tokens=561 | cost~$0.000234 | total_cost~$0.0023 | 7431.4ms
[2026-05-01 22:30:45] [INFO] [query_handler] [bae372] [8/8] llm_generate | model=groq | answer_len=111 | 7431.8ms
[2026-05-01 22:30:45] [INFO] [query_handler] [bae372] ✓ handle_query complete | confidence=low | total=18639.8ms
[2026-05-01 22:30:45] [INFO] [request] ← POST /query | status=200 | total=18641.3ms
[2026-05-01 22:30:46] [INFO] [request] → POST /query
[2026-05-01 22:30:46] [INFO] [query_handler] [7bf6e6] [1/8] sanitize_query | query=What are all the compliance frameworks in the system? |0.0ms
[2026-05-01 22:30:46] [INFO] [query_handler] [7bf6e6] [2/8] get_embedding | 11.3ms
[2026-05-01 22:30:46] [INFO] [query_handler] SemanticRouter | building intent centroids ...
[2026-05-01 22:30:47] [INFO] [query_handler] SemanticRouter | centroids ready.
[2026-05-01 22:30:47] [INFO] [query_handler] [7bf6e6] semantic_route | route=schema | schema_score=0.3009 | irs_score=0.2024
[2026-05-01 22:30:47] [INFO] [query_handler] [7bf6e6] route | collection=schema | is_schema=True
[2026-05-01 22:30:47] [INFO] [query_handler] [7bf6e6] [3/8] retrieve | chunks_found=20 | 5.3ms
[2026-05-01 22:30:47] [INFO] [retrieval_service] rerank | candidates=20 | top_n=3 | top_scores=[5.1208, 3.7762, 2.9789] | score_spread=14.0896 | rerank_ms=265.8
[2026-05-01 22:30:47] [INFO] [query_handler] [7bf6e6] [4/8] rerank | chunks_after=3 | 266.0ms
[2026-05-01 22:30:47] [INFO] [groq._base_client] Retrying request to /openai/v1/chat/completions in 4.000000 seconds
[2026-05-01 22:30:51] [INFO] [llm_service] groq.generate | model=qwen/qwen3-32b | input_tokens=678 | output_tokens=10 | cost~$0.000084 | total_cost~$0.0024 | 4282.0ms
[2026-05-01 22:30:51] [INFO] [query_handler] [7bf6e6] [5/8] generate_sql | sql_preview=SELECT * FROM frameworks; | 4282.4ms
[2026-05-01 22:30:51] [ERROR] [services.rag_services.database_service] SQL execution error: (pymysql.err.OperationalError) (2003, "Can't connect to MySQL server on 'sql.freedb.tech' ([Errno 61] Connection refused)")
(Background on this error at: https://sqlalche.me/e/20/e3q8)
[2026-05-01 22:30:51] [INFO] [query_handler] [7bf6e6] [6/8] execute_query | rows=0 | error=True | 202.1ms
[2026-05-01 22:30:51] [INFO] [query_handler] [7bf6e6] [7/8] build_db_prompt | 0.0ms
[2026-05-01 22:30:51] [INFO] [groq._base_client] Retrying request to /openai/v1/chat/completions in 7.000000 seconds
[2026-05-01 22:30:58] [INFO] [groq._base_client] Retrying request to /openai/v1/chat/completions in 6.000000 seconds
[2026-05-01 22:31:05] [INFO] [llm_service] groq.generate | model=qwen/qwen3-32b | input_tokens=837 | output_tokens=226 | cost~$0.000168 | total_cost~$0.0025 | 13857.6ms
[2026-05-01 22:31:05] [INFO] [query_handler] [7bf6e6] [8/8] llm_generate | model=groq | answer_len=128 | 13858.0ms
[2026-05-01 22:31:05] [INFO] [query_handler] [7bf6e6] ✓ handle_query complete | confidence=high | total=18867.5ms
[2026-05-01 22:31:05] [INFO] [request] ← POST /query | status=200 | total=18868.9ms
[2026-05-01 22:31:07] [INFO] [request] → POST /query
[2026-05-01 22:31:07] [INFO] [query_handler] [b46c99] [1/8] sanitize_query | query=How many risks are open vs mitigated? Give me the count for each status. |0.0ms
[2026-05-01 22:31:07] [INFO] [query_handler] [b46c99] [2/8] get_embedding | 13.7ms
[2026-05-01 22:31:07] [INFO] [query_handler] [b46c99] adaptive_top_k | schema=True | top_k=30
[2026-05-01 22:31:07] [INFO] [query_handler] [b46c99] keyword_route | schema=True (keyword/regex match)
[2026-05-01 22:31:07] [INFO] [query_handler] [b46c99] route | collection=schema | is_schema=True
[2026-05-01 22:31:07] [INFO] [query_handler] [b46c99] [3/8] retrieve | chunks_found=30 | 7.2ms
[2026-05-01 22:31:07] [INFO] [retrieval_service] rerank | candidates=30 | top_n=3 | top_scores=[-0.5254, -0.6143, -1.4119] | score_spread=10.9790 | rerank_ms=710.8
[2026-05-01 22:31:07] [INFO] [query_handler] [b46c99] [4/8] rerank | chunks_after=3 | 711.0ms
[2026-05-01 22:31:10] [INFO] [llm_service] groq.generate | model=qwen/qwen3-32b | input_tokens=733 | output_tokens=1000 | cost~$0.000388 | total_cost~$0.0029 | 2458.1ms
[2026-05-01 22:31:10] [INFO] [query_handler] [b46c99] [5/8] generate_sql | sql_preview= | 2458.8ms
[2026-05-01 22:31:10] [WARNING] [query_handler] [b46c99] [5/8] SQL blocked — did not start with SELECT or WITH
[2026-05-01 22:31:10] [INFO] [query_handler] [b46c99] [7/8] build_db_prompt | 0.0ms
[2026-05-01 22:31:10] [INFO] [groq._base_client] Retrying request to /openai/v1/chat/completions in 11.000000 seconds
[2026-05-01 22:31:21] [INFO] [groq._base_client] Retrying request to /openai/v1/chat/completions in 6.000000 seconds
[2026-05-01 22:31:29] [INFO] [llm_service] groq.generate | model=qwen/qwen3-32b | input_tokens=722 | output_tokens=583 | cost~$0.000262 | total_cost~$0.0032 | 18637.3ms
[2026-05-01 22:31:29] [INFO] [query_handler] [b46c99] [8/8] llm_generate | model=groq | answer_len=161 | 18637.8ms
[2026-05-01 22:31:29] [INFO] [query_handler] [b46c99] ✓ handle_query complete | confidence=low | total=21830.1ms
[2026-05-01 22:31:29] [INFO] [request] ← POST /query | status=200 | total=21832.1ms
[2026-05-01 22:31:30] [INFO] [request] → POST /query
[2026-05-01 22:31:30] [INFO] [query_handler] [663701] [1/8] sanitize_query | query=What is the distribution of policies by status (draft, published, archived)? |0.0ms
[2026-05-01 22:31:30] [INFO] [query_handler] [663701] [2/8] get_embedding | 12.6ms
[2026-05-01 22:31:30] [INFO] [query_handler] [663701] adaptive_top_k | schema=True | top_k=30
[2026-05-01 22:31:30] [INFO] [query_handler] [663701] keyword_route | schema=True (keyword/regex match)
[2026-05-01 22:31:30] [INFO] [query_handler] [663701] route | collection=schema | is_schema=True
[2026-05-01 22:31:30] [INFO] [query_handler] [663701] [3/8] retrieve | chunks_found=27 | 5.4ms
[2026-05-01 22:31:30] [INFO] [retrieval_service] rerank | candidates=27 | top_n=3 | top_scores=[-1.7363, -3.7624, -3.8709] | score_spread=9.6673 | rerank_ms=278.2
[2026-05-01 22:31:30] [INFO] [query_handler] [663701] [4/8] rerank | chunks_after=3 | 278.7ms
[2026-05-01 22:31:30] [INFO] [groq._base_client] Retrying request to /openai/v1/chat/completions in 9.000000 seconds
[2026-05-01 22:31:40] [INFO] [llm_service] groq.generate | model=qwen/qwen3-32b | input_tokens=667 | output_tokens=46 | cost~$0.000094 | total_cost~$0.0033 | 9259.4ms
[2026-05-01 22:31:40] [INFO] [query_handler] [663701] [5/8] generate_sql | sql_preview=SELECT 
    status,
    COUNT(*) AS count
FROM 
    compliance_platform_v3.policies
WHERE 
    org_i | 9260.8ms
[2026-05-01 22:31:40] [ERROR] [services.rag_services.database_service] SQL execution error: (pymysql.err.OperationalError) (2003, "Can't connect to MySQL server on 'sql.freedb.tech' ([Errno 61] Connection refused)")
(Background on this error at: https://sqlalche.me/e/20/e3q8)
[2026-05-01 22:31:40] [INFO] [query_handler] [663701] [6/8] execute_query | rows=0 | error=True | 202.8ms
[2026-05-01 22:31:40] [INFO] [query_handler] [663701] [7/8] build_db_prompt | 0.1ms
[2026-05-01 22:31:40] [INFO] [groq._base_client] Retrying request to /openai/v1/chat/completions in 2.000000 seconds
[2026-05-01 22:31:42] [INFO] [groq._base_client] Retrying request to /openai/v1/chat/completions in 5.000000 seconds
[2026-05-01 22:31:48] [INFO] [llm_service] groq.generate | model=qwen/qwen3-32b | input_tokens=657 | output_tokens=250 | cost~$0.000154 | total_cost~$0.0034 | 7967.7ms
[2026-05-01 22:31:48] [INFO] [query_handler] [663701] [8/8] llm_generate | model=groq | answer_len=322 | 7968.2ms
[2026-05-01 22:31:48] [INFO] [query_handler] [663701] ✓ handle_query complete | confidence=low | total=17730.9ms
[2026-05-01 22:31:48] [INFO] [request] ← POST /query | status=200 | total=17733.9ms
[2026-05-01 22:31:49] [INFO] [request] → POST /query
[2026-05-01 22:31:49] [INFO] [query_handler] [5e8acb] [1/8] sanitize_query | query=How many controls are there per framework? |0.0ms
[2026-05-01 22:31:49] [INFO] [query_handler] [5e8acb] [2/8] get_embedding | 16.3ms
[2026-05-01 22:31:49] [INFO] [query_handler] [5e8acb] adaptive_top_k | schema=True | top_k=30
[2026-05-01 22:31:49] [INFO] [query_handler] [5e8acb] keyword_route | schema=True (keyword/regex match)
[2026-05-01 22:31:49] [INFO] [query_handler] [5e8acb] route | collection=schema | is_schema=True
[2026-05-01 22:31:49] [INFO] [query_handler] [5e8acb] [3/8] retrieve | chunks_found=17 | 10.8ms
[2026-05-01 22:31:50] [INFO] [retrieval_service] rerank | candidates=17 | top_n=3 | top_scores=[1.0876, -1.2582, -1.6517] | score_spread=12.2558 | rerank_ms=412.4
[2026-05-01 22:31:50] [INFO] [query_handler] [5e8acb] [4/8] rerank | chunks_after=3 | 412.7ms
[2026-05-01 22:31:50] [INFO] [groq._base_client] Retrying request to /openai/v1/chat/completions in 6.000000 seconds
[2026-05-01 22:31:56] [INFO] [llm_service] groq.generate | model=qwen/qwen3-32b | input_tokens=696 | output_tokens=44 | cost~$0.000097 | total_cost~$0.0035 | 6258.8ms
[2026-05-01 22:31:56] [INFO] [query_handler] [5e8acb] [5/8] generate_sql | sql_preview=SELECT f.name AS framework_name, COUNT(c.control_id) AS control_count FROM frameworks f LEFT JOIN co | 6259.3ms
[2026-05-01 22:31:56] [ERROR] [services.rag_services.database_service] SQL execution error: (pymysql.err.OperationalError) (2003, "Can't connect to MySQL server on 'sql.freedb.tech' ([Errno 61] Connection refused)")
(Background on this error at: https://sqlalche.me/e/20/e3q8)
[2026-05-01 22:31:56] [INFO] [query_handler] [5e8acb] [6/8] execute_query | rows=0 | error=True | 206.4ms
[2026-05-01 22:31:56] [INFO] [query_handler] [5e8acb] [7/8] build_db_prompt | 0.0ms
[2026-05-01 22:31:56] [INFO] [groq._base_client] Retrying request to /openai/v1/chat/completions in 9.000000 seconds
[2026-05-01 22:32:06] [INFO] [llm_service] groq.generate | model=qwen/qwen3-32b | input_tokens=817 | output_tokens=384 | cost~$0.000213 | total_cost~$0.0038 | 10053.8ms
[2026-05-01 22:32:06] [INFO] [query_handler] [5e8acb] [8/8] llm_generate | model=groq | answer_len=269 | 10054.2ms
[2026-05-01 22:32:06] [INFO] [query_handler] [5e8acb] ✓ handle_query complete | confidence=low | total=16961.7ms
[2026-05-01 22:32:06] [INFO] [request] ← POST /query | status=200 | total=16963.4ms
[2026-05-01 22:32:08] [INFO] [request] → POST /query
[2026-05-01 22:32:08] [INFO] [query_handler] [c94188] [1/8] sanitize_query | query=Show me all findings along with their associated audit details. |0.0ms
[2026-05-01 22:32:08] [INFO] [query_handler] [c94188] [2/8] get_embedding | 9.8ms
[2026-05-01 22:32:08] [INFO] [query_handler] [c94188] adaptive_top_k | schema=True | top_k=30
[2026-05-01 22:32:08] [INFO] [query_handler] [c94188] keyword_route | schema=True (keyword/regex match)
[2026-05-01 22:32:08] [INFO] [query_handler] [c94188] route | collection=schema | is_schema=True
[2026-05-01 22:32:08] [INFO] [query_handler] [c94188] [3/8] retrieve | chunks_found=30 | 5.9ms
[2026-05-01 22:32:09] [INFO] [retrieval_service] rerank | candidates=30 | top_n=3 | top_scores=[-0.3601, -1.0267, -1.0802] | score_spread=11.0816 | rerank_ms=775.5
[2026-05-01 22:32:09] [INFO] [query_handler] [c94188] [4/8] rerank | chunks_after=3 | 775.7ms
[2026-05-01 22:32:09] [INFO] [groq._base_client] Retrying request to /openai/v1/chat/completions in 6.000000 seconds
[2026-05-01 22:32:15] [INFO] [llm_service] groq.generate | model=qwen/qwen3-32b | input_tokens=640 | output_tokens=58 | cost~$0.000094 | total_cost~$0.0038 | 6372.5ms
[2026-05-01 22:32:15] [INFO] [query_handler] [c94188] [5/8] generate_sql | sql_preview=SELECT af.*, a.audit_name, a.status AS audit_status, a.auditor_id, a.start_date, a.end_date 
FROM au | 6373.7ms
[2026-05-01 22:32:15] [ERROR] [services.rag_services.database_service] SQL execution error: (pymysql.err.OperationalError) (2003, "Can't connect to MySQL server on 'sql.freedb.tech' ([Errno 61] Connection refused)")
(Background on this error at: https://sqlalche.me/e/20/e3q8)
[2026-05-01 22:32:15] [INFO] [query_handler] [c94188] [6/8] execute_query | rows=0 | error=True | 225.5ms
[2026-05-01 22:32:15] [INFO] [query_handler] [c94188] [7/8] build_db_prompt | 0.0ms
[2026-05-01 22:32:15] [INFO] [groq._base_client] Retrying request to /openai/v1/chat/completions in 7.000000 seconds
[2026-05-01 22:32:24] [INFO] [llm_service] groq.generate | model=qwen/qwen3-32b | input_tokens=630 | output_tokens=537 | cost~$0.000237 | total_cost~$0.0041 | 8546.1ms
[2026-05-01 22:32:24] [INFO] [query_handler] [c94188] [8/8] llm_generate | model=groq | answer_len=399 | 8547.2ms
[2026-05-01 22:32:24] [INFO] [query_handler] [c94188] ✓ handle_query complete | confidence=low | total=15939.0ms
[2026-05-01 22:32:24] [INFO] [request] ← POST /query | status=200 | total=15941.1ms
[2026-05-01 22:32:25] [INFO] [request] → POST /query
[2026-05-01 22:32:25] [INFO] [query_handler] [161e0e] [1/8] sanitize_query | query=Which users are assigned to which organizations? |0.0ms
[2026-05-01 22:32:25] [INFO] [query_handler] [161e0e] [2/8] get_embedding | 11.3ms
[2026-05-01 22:32:25] [INFO] [query_handler] [161e0e] adaptive_top_k | schema=True | top_k=30
[2026-05-01 22:32:25] [INFO] [query_handler] [161e0e] keyword_route | schema=True (keyword/regex match)
[2026-05-01 22:32:25] [INFO] [query_handler] [161e0e] route | collection=schema | is_schema=True
[2026-05-01 22:32:25] [INFO] [query_handler] [161e0e] [3/8] retrieve | chunks_found=30 | 5.3ms
[2026-05-01 22:32:26] [INFO] [retrieval_service] rerank | candidates=30 | top_n=3 | top_scores=[1.4344, 0.5804, 0.4631] | score_spread=12.7823 | rerank_ms=527.2
[2026-05-01 22:32:26] [INFO] [query_handler] [161e0e] [4/8] rerank | chunks_after=3 | 527.3ms
[2026-05-01 22:32:26] [INFO] [groq._base_client] Retrying request to /openai/v1/chat/completions in 9.000000 seconds
[2026-05-01 22:32:35] [INFO] [llm_service] groq.generate | model=qwen/qwen3-32b | input_tokens=763 | output_tokens=42 | cost~$0.000104 | total_cost~$0.0042 | 9404.3ms
[2026-05-01 22:32:35] [INFO] [query_handler] [161e0e] [5/8] generate_sql | sql_preview=SELECT u.user_id, u.full_name, o.org_id, o.name AS org_name FROM users u JOIN organizations o ON u.o | 9405.4ms
[2026-05-01 22:32:35] [ERROR] [services.rag_services.database_service] SQL execution error: (pymysql.err.OperationalError) (2003, "Can't connect to MySQL server on 'sql.freedb.tech' ([Errno 61] Connection refused)")
(Background on this error at: https://sqlalche.me/e/20/e3q8)
[2026-05-01 22:32:35] [INFO] [query_handler] [161e0e] [6/8] execute_query | rows=0 | error=True | 200.6ms
[2026-05-01 22:32:35] [INFO] [query_handler] [161e0e] [7/8] build_db_prompt | 0.0ms
[2026-05-01 22:32:35] [INFO] [groq._base_client] Retrying request to /openai/v1/chat/completions in 7.000000 seconds
[2026-05-01 22:32:44] [INFO] [llm_service] groq.generate | model=qwen/qwen3-32b | input_tokens=918 | output_tokens=526 | cost~$0.000268 | total_cost~$0.0045 | 8686.6ms
[2026-05-01 22:32:44] [INFO] [query_handler] [161e0e] [8/8] llm_generate | model=groq | answer_len=351 | 8687.8ms
[2026-05-01 22:32:44] [INFO] [query_handler] [161e0e] ✓ handle_query complete | confidence=medium | total=18839.3ms
[2026-05-01 22:32:44] [INFO] [request] ← POST /query | status=200 | total=18841.5ms
[2026-05-01 22:32:46] [INFO] [request] → POST /query
[2026-05-01 22:32:46] [INFO] [query_handler] [fa03e3] [1/8] sanitize_query | query=List all risks along with their associated policies and risk scores. |0.0ms
[2026-05-01 22:32:46] [INFO] [query_handler] [fa03e3] [2/8] get_embedding | 33.6ms
[2026-05-01 22:32:46] [INFO] [query_handler] [fa03e3] adaptive_top_k | schema=True | top_k=30
[2026-05-01 22:32:46] [INFO] [query_handler] [fa03e3] keyword_route | schema=True (keyword/regex match)
[2026-05-01 22:32:46] [INFO] [query_handler] [fa03e3] route | collection=schema | is_schema=True
[2026-05-01 22:32:46] [INFO] [query_handler] [fa03e3] [3/8] retrieve | chunks_found=30 | 10.8ms
[2026-05-01 22:32:47] [INFO] [retrieval_service] rerank | candidates=30 | top_n=3 | top_scores=[1.2578, -0.6461, -0.865] | score_spread=12.7349 | rerank_ms=1342.4
[2026-05-01 22:32:47] [INFO] [query_handler] [fa03e3] [4/8] rerank | chunks_after=3 | 1342.7ms
[2026-05-01 22:32:47] [INFO] [groq._base_client] Retrying request to /openai/v1/chat/completions in 9.000000 seconds
[2026-05-01 22:32:56] [INFO] [llm_service] groq.generate | model=qwen/qwen3-32b | input_tokens=794 | output_tokens=46 | cost~$0.000109 | total_cost~$0.0046 | 9266.8ms
[2026-05-01 22:32:56] [INFO] [query_handler] [fa03e3] [5/8] generate_sql | sql_preview=SELECT r.title, r.risk_score, r.likelihood, r.impact, p.title AS policy_title FROM risks r JOIN poli | 9268.5ms
[2026-05-01 22:32:56] [ERROR] [services.rag_services.database_service] SQL execution error: (pymysql.err.OperationalError) (2003, "Can't connect to MySQL server on 'sql.freedb.tech' ([Errno 61] Connection refused)")
(Background on this error at: https://sqlalche.me/e/20/e3q8)
[2026-05-01 22:32:56] [INFO] [query_handler] [fa03e3] [6/8] execute_query | rows=0 | error=True | 203.4ms
[2026-05-01 22:32:56] [INFO] [query_handler] [fa03e3] [7/8] build_db_prompt | 0.0ms
[2026-05-01 22:32:56] [INFO] [groq._base_client] Retrying request to /openai/v1/chat/completions in 12.000000 seconds
[2026-05-01 22:33:10] [INFO] [llm_service] groq.generate | model=qwen/qwen3-32b | input_tokens=1214 | output_tokens=706 | cost~$0.000357 | total_cost~$0.0049 | 13819.8ms
[2026-05-01 22:33:10] [INFO] [query_handler] [fa03e3] [8/8] llm_generate | model=groq | answer_len=279 | 13821.1ms
[2026-05-01 22:33:10] [INFO] [query_handler] [fa03e3] ✓ handle_query complete | confidence=low | total=24682.4ms
[2026-05-01 22:33:10] [INFO] [request] ← POST /query | status=200 | total=24686.3ms
[2026-05-01 22:33:12] [INFO] [request] → POST /query
[2026-05-01 22:33:12] [INFO] [query_handler] [42d18d] [1/8] sanitize_query | query=Show me all high-risk items — where the risk score is above 7. |0.0ms
[2026-05-01 22:33:12] [INFO] [query_handler] [42d18d] [2/8] get_embedding | 23.1ms
[2026-05-01 22:33:12] [INFO] [query_handler] [42d18d] adaptive_top_k | schema=True | top_k=30
[2026-05-01 22:33:12] [INFO] [query_handler] [42d18d] keyword_route | schema=True (keyword/regex match)
[2026-05-01 22:33:12] [INFO] [query_handler] [42d18d] route | collection=schema | is_schema=True
[2026-05-01 22:33:12] [INFO] [query_handler] [42d18d] [3/8] retrieve | chunks_found=30 | 6.1ms
[2026-05-01 22:33:13] [INFO] [retrieval_service] rerank | candidates=30 | top_n=3 | top_scores=[-3.1187, -4.3151, -4.7878] | score_spread=8.2928 | rerank_ms=1266.0
[2026-05-01 22:33:13] [INFO] [query_handler] [42d18d] [4/8] rerank | chunks_after=3 | 1266.4ms
[2026-05-01 22:33:13] [INFO] [groq._base_client] Retrying request to /openai/v1/chat/completions in 10.000000 seconds
[2026-05-01 22:33:23] [INFO] [llm_service] groq.generate | model=qwen/qwen3-32b | input_tokens=678 | output_tokens=69 | cost~$0.000102 | total_cost~$0.0050 | 10311.1ms
[2026-05-01 22:33:23] [INFO] [query_handler] [42d18d] [5/8] generate_sql | sql_preview=WITH filtered_risks AS (
    SELECT *
    FROM compliance_platform_v3.risks
    WHERE risk_score > 7 | 10312.1ms
[2026-05-01 22:33:24] [ERROR] [services.rag_services.database_service] SQL execution error: (pymysql.err.OperationalError) (2003, "Can't connect to MySQL server on 'sql.freedb.tech' ([Errno 61] Connection refused)")
(Background on this error at: https://sqlalche.me/e/20/e3q8)
[2026-05-01 22:33:24] [INFO] [query_handler] [42d18d] [6/8] execute_query | rows=0 | error=True | 204.2ms
[2026-05-01 22:33:24] [INFO] [query_handler] [42d18d] [7/8] build_db_prompt | 0.0ms
[2026-05-01 22:33:24] [INFO] [groq._base_client] Retrying request to /openai/v1/chat/completions in 3.000000 seconds
